constructor,constructor_id,constructor_nationality,driver_code,driver_id,driver_name,driver_nationality,driver_number,event_id,event_name,fastest_lap_average_speed,fastest_lap_average_speed_units,fastest_lap_lap,fastest_lap_rank,fastest_lap_time,grid_position,laps,milliseconds,points,position,position_text,round,status,time,year
Mercedes,mercedes,German,HAM,hamilton,Lewis Hamilton,British,44,2021-sakhir,Bahrain Grand Prix,207.235,kph,44,4,1:34.015,2,56,5523897,25.0,1,1,1,Finished,1:32:03.897,2021
Red Bull,red_bull,Austrian,VER,max_verstappen,Max Verstappen,Dutch,3,2021-sakhir,Bahrain Grand Prix,208.984,kph,41,2,1:33.228,1,56,5524642,18.0,2,2,1,Finished,+0.745,2021
Mercedes,mercedes,German,BOT,bottas,Valtteri Bottas,Finnish,77,2021-sakhir,Bahrain Grand Prix,211.566,kph,56,1,1:32.090,3,56,5561280,16.0,3,3,1,Finished,+37.383,2021
McLaren,mclaren,British,NOR,norris,Lando Norris,British,1,2021-sakhir,Bahrain Grand Prix,206.398,kph,38,6,1:34.396,7,56,5570363,12.0,4,4,1,Finished,+46.466,2021
Red Bull,red_bull,Austrian,PER,perez,Sergio Pérez,Mexican,11,2021-sakhir,Bahrain Grand Prix,207.334,kph,44,3,1:33.970,0,56,5575944,10.0,5,5,1,Finished,+52.047,2021
Ferrari,ferrari,Italian,LEC,leclerc,Charles Leclerc,Monegasque,16,2021-sakhir,Bahrain Grand Prix,205.112,kph,39,11,1:34.988,4,56,5582987,8.0,6,6,1,Finished,+59.090,2021
McLaren,mclaren,British,RIC,ricciardo,Daniel Ricciardo,Australian,3,2021-sakhir,Bahrain Grand Prix,205.233,kph,36,10,1:34.932,6,56,5589901,6.0,7,7,1,Finished,+1:06.004,2021
Ferrari,ferrari,Italian,SAI,sainz,Carlos Sainz,Spanish,55,2021-sakhir,Bahrain Grand Prix,206.151,kph,48,7,1:34.509,8,56,5590997,4.0,8,8,1,Finished,+1:07.100,2021
AlphaTauri,alphatauri,Italian,TSU,tsunoda,Yuki Tsunoda,Japanese,22,2021-sakhir,Bahrain Grand Prix,205.603,kph,38,8,1:34.761,13,56,5609589,2.0,9,9,1,Finished,+1:25.692,2021
Aston Martin,aston_martin,British,STR,stroll,Lance Stroll,Canadian,18,2021-sakhir,Bahrain Grand Prix,205.378,kph,31,9,1:34.865,10,56,5610610,1.0,10,10,1,Finished,+1:26.713,2021
Alfa Romeo,alfa,Swiss,RAI,raikkonen,Kimi Räikkönen,Finnish,7,2021-sakhir,Bahrain Grand Prix,204.672,kph,45,14,1:35.192,14,56,5612761,0.0,11,11,1,Finished,+1:28.864,2021
Alfa Romeo,alfa,Swiss,GIO,giovinazzi,Antonio Giovinazzi,Italian,99,2021-sakhir,Bahrain Grand Prix,204.823,kph,32,13,1:35.122,12,55,,0.0,12,12,1,+1 Lap,,2021
Alpine F1 Team,alpine,French,OCO,ocon,Esteban Ocon,French,31,2021-sakhir,Bahrain Grand Prix,204.548,kph,33,15,1:35.250,16,55,,0.0,13,13,1,+1 Lap,,2021
Williams,williams,British,RUS,russell,George Russell,British,63,2021-sakhir,Bahrain Grand Prix,205.008,kph,40,12,1:35.036,15,55,,0.0,14,14,1,+1 Lap,,2021
Aston Martin,aston_martin,British,VET,vettel,Sebastian Vettel,German,5,2021-sakhir,Bahrain Grand Prix,203.871,kph,26,16,1:35.566,20,55,,0.0,15,15,1,+1 Lap,,2021
Haas F1 Team,haas,American,MSC,mick_schumacher,Mick Schumacher,German,47,2021-sakhir,Bahrain Grand Prix,202.667,kph,38,18,1:36.134,18,55,,0.0,16,16,1,+1 Lap,,2021
AlphaTauri,alphatauri,Italian,GAS,gasly,Pierre Gasly,French,10,2021-sakhir,Bahrain Grand Prix,207.069,kph,48,5,1:34.090,5,52,,0.0,17,17,1,Retired,,2021
Williams,williams,British,LAT,latifi,Nicholas Latifi,Canadian,6,2021-sakhir,Bahrain Grand Prix,201.685,kph,16,19,1:36.602,17,51,,0.0,18,18,1,Retired,,2021
Alpine F1 Team,alpine,French,ALO,alonso,Fernando Alonso,Spanish,14,2021-sakhir,Bahrain Grand Prix,202.816,kph,31,17,1:36.063,9,32,,0.0,19,R,1,Brakes,,2021
Haas F1 Team,haas,American,MAZ,mazepin,Nikita Mazepin,Russian,9,2021-sakhir,Bahrain Grand Prix,,,,,,19,0,,0.0,20,R,1,Accident,,2021
Red Bull,red_bull,Austrian,VER,max_verstappen,Max Verstappen,Dutch,3,2021-imola,Emilia Romagna Grand Prix,227.96,kph,60,2,1:17.524,3,63,7354598,25.0,1,1,2,Finished,2:02:34.598,2021
Mercedes,mercedes,German,HAM,hamilton,Lewis Hamilton,British,44,2021-imola,Emilia Romagna Grand Prix,230.403,kph,60,1,1:16.702,1,63,7376598,19.0,2,2,2,Finished,+22.000,2021
McLaren,mclaren,British,NOR,norris,Lando Norris,British,1,2021-imola,Emilia Romagna Grand Prix,225.819,kph,63,3,1:18.259,7,63,7378300,15.0,3,3,2,Finished,+23.702,2021
Ferrari,ferrari,Italian,LEC,leclerc,Charles Leclerc,Monegasque,16,2021-imola,Emilia Romagna Grand Prix,225.473,kph,60,6,1:18.379,4,63,7380177,12.0,4,4,2,Finished,+25.579,2021
Ferrari,ferrari,Italian,SAI,sainz,Carlos Sainz,Spanish,55,2021-imola,Emilia Romagna Grand Prix,225.154,kph,60,7,1:18.490,11,63,7381634,10.0,5,5,2,Finished,+27.036,2021
McLaren,mclaren,British,RIC,ricciardo,Daniel Ricciardo,Australian,3,2021-imola,Emilia Romagna Grand Prix,222.739,kph,54,12,1:19.341,6,63,7405818,8.0,6,6,2,Finished,+51.220,2021
AlphaTauri,alphatauri,Italian,GAS,gasly,Pierre Gasly,French,10,2021-imola,Emilia Romagna Grand Prix,223.718,kph,52,9,1:18.994,5,63,7407416,6.0,7,7,2,Finished,+52.818,2021
Aston Martin,aston_martin,British,STR,stroll,Lance Stroll,Canadian,18,2021-imola,Emilia Romagna Grand Prix,224.32,kph,59,8,1:18.782,10,63,7411507,4.0,8,8,2,Finished,+56.909,2021
Alpine F1 Team,alpine,French,OCO,ocon,Esteban Ocon,French,31,2021-imola,Emilia Romagna Grand Prix,222.512,kph,62,15,1:19.422,9,63,7420302,2.0,9,9,2,Finished,+1:05.704,2021
Alpine F1 Team,alpine,French,ALO,alonso,Fernando Alonso,Spanish,14,2021-imola,Emilia Romagna Grand Prix,222.526,kph,62,14,1:19.417,15,63,7421159,1.0,10,10,2,Finished,+1:06.561,2021
Red Bull,red_bull,Austrian,PER,perez,Sergio Pérez,Mexican,11,2021-imola,Emilia Romagna Grand Prix,222.585,kph,62,13,1:19.396,2,63,7421749,0.0,11,11,2,Finished,+1:07.151,2021
AlphaTauri,alphatauri,Italian,TSU,tsunoda,Yuki Tsunoda,Japanese,22,2021-imola,Emilia Romagna Grand Prix,225.603,kph,49,4,1:18.334,20,63,7427782,0.0,12,12,2,Finished,+1:13.184,2021
Alfa Romeo,alfa,Swiss,RAI,raikkonen,Kimi Räikkönen,Finnish,7,2021-imola,Emilia Romagna Grand Prix,225.548,kph,62,5,1:18.353,16,63,7449371,0.0,13,13,2,Finished,+1:34.773,2021
Alfa Romeo,alfa,Swiss,GIO,giovinazzi,Antonio Giovinazzi,Italian,99,2021-imola,Emilia Romagna Grand Prix,222.378,kph,57,16,1:19.470,17,62,,0.0,14,14,2,+1 Lap,,2021
Aston Martin,aston_martin,British,VET,vettel,Sebastian Vettel,German,5,2021-imola,Emilia Romagna Grand Prix,223.491,kph,59,10,1:19.074,0,61,,0.0,15,15,2,Gearbox,,2021
Haas F1 Team,haas,American,MSC,mick_schumacher,Mick Schumacher,German,47,2021-imola,Emilia Romagna Grand Prix,223.156,kph,58,11,1:19.193,18,61,,0.0,16,16,2,+2 Laps,,2021
Haas F1 Team,haas,American,MAZ,mazepin,Nikita Mazepin,Russian,9,2021-imola,Emilia Romagna Grand Prix,219.8,kph,55,17,1:20.402,19,61,,0.0,17,17,2,+2 Laps,,2021
Mercedes,mercedes,German,BOT,bottas,Valtteri Bottas,Finnish,77,2021-imola,Emilia Romagna Grand Prix,199.721,kph,30,19,1:28.485,8,30,,0.0,18,R,2,Collision,,2021
Williams,williams,British,RUS,russell,George Russell,British,63,2021-imola,Emilia Romagna Grand Prix,204.203,kph,28,18,1:26.543,12,30,,0.0,19,R,2,Collision,,2021
Williams,williams,British,LAT,latifi,Nicholas Latifi,Canadian,6,2021-imola,Emilia Romagna Grand Prix,,,,,,14,0,,0.0,20,R,2,Collision,,2021
Mercedes,mercedes,German,HAM,hamilton,Lewis Hamilton,British,44,2021-portim-o,Portuguese Grand Prix,206.971,kph,47,4,1:20.933,2,66,5671421,25.0,1,1,3,Finished,1:34:31.421,2021
Red Bull,red_bull,Austrian,VER,max_verstappen,Max Verstappen,Dutch,3,2021-portim-o,Portuguese Grand Prix,207.581,kph,62,3,1:20.695,3,66,5700569,18.0,2,2,3,Finished,+29.148,2021
Mercedes,mercedes,German,BOT,bottas,Valtteri Bottas,Finnish,77,2021-portim-o,Portuguese Grand Prix,209.738,kph,65,1,1:19.865,1,66,5704951,16.0,3,3,3,Finished,+33.530,2021
Red Bull,red_bull,Austrian,PER,perez,Sergio Pérez,Mexican,11,2021-portim-o,Portuguese Grand Prix,207.715,kph,55,2,1:20.643,4,66,5711156,12.0,4,4,3,Finished,+39.735,2021
McLaren,mclaren,British,NOR,norris,Lando Norris,British,1,2021-portim-o,Portuguese Grand Prix,205.038,kph,55,7,1:21.696,7,66,5722790,10.0,5,5,3,Finished,+51.369,2021
Ferrari,ferrari,Italian,LEC,leclerc,Charles Leclerc,Monegasque,16,2021-portim-o,Portuguese Grand Prix,205.541,kph,63,6,1:21.496,8,66,5727202,8.0,6,6,3,Finished,+55.781,2021
Alpine F1 Team,alpine,French,OCO,ocon,Esteban Ocon,French,31,2021-portim-o,Portuguese Grand Prix,204.562,kph,34,8,1:21.886,6,66,5735170,6.0,7,7,3,Finished,+1:03.749,2021
Alpine F1 Team,alpine,French,ALO,alonso,Fernando Alonso,Spanish,14,2021-portim-o,Portuguese Grand Prix,206.718,kph,66,5,1:21.032,13,66,5673229,4.0,8,8,3,Finished,+1.808,2021
McLaren,mclaren,British,RIC,ricciardo,Daniel Ricciardo,Australian,3,2021-portim-o,Portuguese Grand Prix,204.31,kph,64,10,1:21.987,16,66,5746790,2.0,9,9,3,Finished,+1:15.369,2021
AlphaTauri,alphatauri,Italian,GAS,gasly,Pierre Gasly,French,10,2021-portim-o,Portuguese Grand Prix,204.243,kph,65,11,1:22.014,9,66,5747884,1.0,10,10,3,Finished,+1:16.463,2021
Ferrari,ferrari,Italian,SAI,sainz,Carlos Sainz,Spanish,55,2021-portim-o,Portuguese Grand Prix,203.471,kph,60,14,1:22.325,5,66,5750376,0.0,11,11,3,Finished,+1:18.955,2021
Alfa Romeo,alfa,Swiss,GIO,giovinazzi,Antonio Giovinazzi,Italian,99,2021-portim-o,Portuguese Grand Prix,203.862,kph,60,13,1:22.167,12,65,,0.0,12,12,3,+1 Lap,,2021
Aston Martin,aston_martin,British,VET,vettel,Sebastian Vettel,German,5,2021-portim-o,Portuguese Grand Prix,203.246,kph,60,15,1:22.416,10,65,,0.0,13,13,3,+1 Lap,,2021
Aston Martin,aston_martin,British,STR,stroll,Lance Stroll,Canadian,18,2021-portim-o,Portuguese Grand Prix,204.352,kph,59,9,1:21.970,17,65,,0.0,14,14,3,+1 Lap,,2021
AlphaTauri,alphatauri,Italian,TSU,tsunoda,Yuki Tsunoda,Japanese,22,2021-portim-o,Portuguese Grand Prix,204.133,kph,61,12,1:22.058,14,65,,0.0,15,15,3,+1 Lap,,2021
Williams,williams,British,RUS,russell,George Russell,British,63,2021-portim-o,Portuguese Grand Prix,202.661,kph,60,16,1:22.654,11,65,,0.0,16,16,3,+1 Lap,,2021
Haas F1 Team,haas,American,MSC,mick_schumacher,Mick Schumacher,German,47,2021-portim-o,Portuguese Grand Prix,202.414,kph,61,17,1:22.755,19,64,,0.0,17,17,3,+2 Laps,,2021
Williams,williams,British,LAT,latifi,Nicholas Latifi,Canadian,6,2021-portim-o,Portuguese Grand Prix,201.44,kph,60,18,1:23.155,18,64,,0.0,18,18,3,+2 Laps,,2021
Haas F1 Team,haas,American,MAZ,mazepin,Nikita Mazepin,Russian,9,2021-portim-o,Portuguese Grand Prix,200.27,kph,64,19,1:23.641,20,64,,0.0,19,19,3,+2 Laps,,2021
Alfa Romeo,alfa,Swiss,RAI,raikkonen,Kimi Räikkönen,Finnish,7,2021-portim-o,Portuguese Grand Prix,,,,,,15,1,,0.0,20,R,3,Collision damage,,2021
Mercedes,mercedes,German,HAM,hamilton,Lewis Hamilton,British,44,2021-barcelona,Spanish Grand Prix,208.64,kph,54,5,1:20.665,1,66,5587680,25.0,1,1,4,Finished,1:33:07.680,2021
Red Bull,red_bull,Austrian,VER,max_verstappen,Max Verstappen,Dutch,3,2021-barcelona,Spanish Grand Prix,215.357,kph,62,1,1:18.149,2,66,5603521,19.0,2,2,4,Finished,+15.841,2021
Mercedes,mercedes,German,BOT,bottas,Valtteri Bottas,Finnish,77,2021-barcelona,Spanish Grand Prix,211.884,kph,65,2,1:19.430,3,66,5614290,15.0,3,3,4,Finished,+26.610,2021
Ferrari,ferrari,Italian,LEC,leclerc,Charles Leclerc,Monegasque,16,2021-barcelona,Spanish Grand Prix,209.174,kph,64,4,1:20.459,4,66,5642296,12.0,4,4,4,Finished,+54.616,2021
Red Bull,red_bull,Austrian,PER,perez,Sergio Pérez,Mexican,11,2021-barcelona,Spanish Grand Prix,211.743,kph,60,3,1:19.483,8,66,5651351,10.0,5,5,4,Finished,+1:03.671,2021
McLaren,mclaren,British,RIC,ricciardo,Daniel Ricciardo,Australian,3,2021-barcelona,Spanish Grand Prix,205.612,kph,60,10,1:21.853,7,66,5661448,8.0,6,6,4,Finished,+1:13.768,2021
Ferrari,ferrari,Italian,SAI,sainz,Carlos Sainz,Spanish,55,2021-barcelona,Spanish Grand Prix,206.33,kph,53,9,1:21.568,6,66,5662350,6.0,7,7,4,Finished,+1:14.670,2021
McLaren,mclaren,British,NOR,norris,Lando Norris,British,1,2021-barcelona,Spanish Grand Prix,207.064,kph,56,7,1:21.279,9,65,,4.0,8,8,4,+1 Lap,,2021
Alpine F1 Team,alpine,French,OCO,ocon,Esteban Ocon,French,31,2021-barcelona,Spanish Grand Prix,202.014,kph,46,18,1:23.311,5,65,,2.0,9,9,4,+1 Lap,,2021
AlphaTauri,alphatauri,Italian,GAS,gasly,Pierre Gasly,French,10,2021-barcelona,Spanish Grand Prix,206.82,kph,64,8,1:21.375,12,65,,1.0,10,10,4,+1 Lap,,2021
Aston Martin,aston_martin,British,STR,stroll,Lance Stroll,Canadian,18,2021-barcelona,Spanish Grand Prix,203.735,kph,47,11,1:22.607,11,65,,0.0,11,11,4,+1 Lap,,2021
Alfa Romeo,alfa,Swiss,RAI,raikkonen,Kimi Räikkönen,Finnish,7,2021-barcelona,Spanish Grand Prix,203.094,kph,54,15,1:22.868,17,65,,0.0,12,12,4,+1 Lap,,2021
Aston Martin,aston_martin,British,VET,vettel,Sebastian Vettel,German,5,2021-barcelona,Spanish Grand Prix,203.211,kph,56,14,1:22.820,13,65,,0.0,13,13,4,+1 Lap,,2021
Williams,williams,British,RUS,russell,George Russell,British,63,2021-barcelona,Spanish Grand Prix,202.264,kph,30,17,1:23.208,15,65,,0.0,14,14,4,+1 Lap,,2021
Alfa Romeo,alfa,Swiss,GIO,giovinazzi,Antonio Giovinazzi,Italian,99,2021-barcelona,Spanish Grand Prix,203.255,kph,42,13,1:22.802,14,65,,0.0,15,15,4,+1 Lap,,2021
Williams,williams,British,LAT,latifi,Nicholas Latifi,Canadian,6,2021-barcelona,Spanish Grand Prix,203.003,kph,57,16,1:22.905,19,65,,0.0,16,16,4,+1 Lap,,2021
Alpine F1 Team,alpine,French,ALO,alonso,Fernando Alonso,Spanish,14,2021-barcelona,Spanish Grand Prix,207.311,kph,63,6,1:21.182,10,65,,0.0,17,17,4,+1 Lap,,2021
Haas F1 Team,haas,American,MSC,mick_schumacher,Mick Schumacher,German,47,2021-barcelona,Spanish Grand Prix,203.661,kph,54,12,1:22.637,18,64,,0.0,18,18,4,+2 Laps,,2021
Haas F1 Team,haas,American,MAZ,mazepin,Nikita Mazepin,Russian,9,2021-barcelona,Spanish Grand Prix,200.261,kph,45,19,1:24.040,20,64,,0.0,19,19,4,+2 Laps,,2021
AlphaTauri,alphatauri,Italian,TSU,tsunoda,Yuki Tsunoda,Japanese,22,2021-barcelona,Spanish Grand Prix,198.408,kph,5,20,1:24.825,16,6,,0.0,20,R,4,Electrical,,2021
Red Bull,red_bull,Austrian,VER,max_verstappen,Max Verstappen,Dutch,3,2021-monte-carlo,Monaco Grand Prix,160.929,kph,58,6,1:14.649,2,78,5936820,25.0,1,1,5,Finished,1:38:56.820,2021
Ferrari,ferrari,Italian,SAI,sainz,Carlos Sainz,Spanish,55,2021-monte-carlo,Monaco Grand Prix,160.989,kph,35,5,1:14.621,4,78,5945788,18.0,2,2,5,Finished,+8.968,2021
McLaren,mclaren,British,NOR,norris,Lando Norris,British,1,2021-monte-carlo,Monaco Grand Prix,160.883,kph,76,7,1:14.670,5,78,5956247,15.0,3,3,5,Finished,+19.427,2021
Red Bull,red_bull,Austrian,PER,perez,Sergio Pérez,Mexican,11,2021-monte-carlo,Monaco Grand Prix,161.138,kph,32,3,1:14.552,9,78,5957310,12.0,4,4,5,Finished,+20.490,2021
Aston Martin,aston_martin,British,VET,vettel,Sebastian Vettel,German,5,2021-monte-carlo,Monaco Grand Prix,159.503,kph,33,11,1:15.316,8,78,5989411,10.0,5,5,5,Finished,+52.591,2021
AlphaTauri,alphatauri,Italian,GAS,gasly,Pierre Gasly,French,10,2021-monte-carlo,Monaco Grand Prix,159.3,kph,71,14,1:15.412,6,78,5990716,8.0,6,6,5,Finished,+53.896,2021
Mercedes,mercedes,German,HAM,hamilton,Lewis Hamilton,British,44,2021-monte-carlo,Monaco Grand Prix,164.769,kph,69,1,1:12.909,7,78,6005051,7.0,7,7,5,Finished,+1:08.231,2021
Aston Martin,aston_martin,British,STR,stroll,Lance Stroll,Canadian,18,2021-monte-carlo,Monaco Grand Prix,160.875,kph,74,8,1:14.674,13,77,,4.0,8,8,5,+1 Lap,,2021
Alpine F1 Team,alpine,French,OCO,ocon,Esteban Ocon,French,31,2021-monte-carlo,Monaco Grand Prix,159.503,kph,41,12,1:15.316,11,77,,2.0,9,9,5,+1 Lap,,2021
Alfa Romeo,alfa,Swiss,GIO,giovinazzi,Antonio Giovinazzi,Italian,99,2021-monte-carlo,Monaco Grand Prix,159.472,kph,41,13,1:15.331,10,77,,1.0,10,10,5,+1 Lap,,2021
Alfa Romeo,alfa,Swiss,RAI,raikkonen,Kimi Räikkönen,Finnish,7,2021-monte-carlo,Monaco Grand Prix,160.237,kph,55,9,1:14.971,14,77,,0.0,11,11,5,+1 Lap,,2021
McLaren,mclaren,British,RIC,ricciardo,Daniel Ricciardo,Australian,3,2021-monte-carlo,Monaco Grand Prix,161.082,kph,43,4,1:14.578,12,77,,0.0,12,12,5,+1 Lap,,2021
Alpine F1 Team,alpine,French,ALO,alonso,Fernando Alonso,Spanish,14,2021-monte-carlo,Monaco Grand Prix,160.12,kph,70,10,1:15.026,17,77,,0.0,13,13,5,+1 Lap,,2021
Williams,williams,British,RUS,russell,George Russell,British,63,2021-monte-carlo,Monaco Grand Prix,159.033,kph,59,15,1:15.539,15,77,,0.0,14,14,5,+1 Lap,,2021
Williams,williams,British,LAT,latifi,Nicholas Latifi,Canadian,6,2021-monte-carlo,Monaco Grand Prix,158.961,kph,66,16,1:15.573,18,77,,0.0,15,15,5,+1 Lap,,2021
AlphaTauri,alphatauri,Italian,TSU,tsunoda,Yuki Tsunoda,Japanese,22,2021-monte-carlo,Monaco Grand Prix,162.259,kph,66,2,1:14.037,16,77,,0.0,16,16,5,+1 Lap,,2021
Haas F1 Team,haas,American,MAZ,mazepin,Nikita Mazepin,Russian,9,2021-monte-carlo,Monaco Grand Prix,156.287,kph,64,19,1:16.866,19,75,,0.0,17,17,5,+3 Laps,,2021
Haas F1 Team,haas,American,MSC,mick_schumacher,Mick Schumacher,German,47,2021-monte-carlo,Monaco Grand Prix,157.189,kph,51,18,1:16.425,20,75,,0.0,18,18,5,+3 Laps,,2021
Mercedes,mercedes,German,BOT,bottas,Valtteri Bottas,Finnish,77,2021-monte-carlo,Monaco Grand Prix,158.682,kph,18,17,1:15.706,3,29,,0.0,19,R,5,Wheel nut,,2021
Ferrari,ferrari,Italian,LEC,leclerc,Charles Leclerc,Monegasque,16,2021-monte-carlo,Monaco Grand Prix,,,,,,1,0,,0.0,20,W,5,Driveshaft,,2021
Red Bull,red_bull,Austrian,PER,perez,Sergio Pérez,Mexican,11,2021-baku,Azerbaijan Grand Prix,206.432,kph,45,2,1:44.687,6,51,8016410,25.0,1,1,6,Finished,2:13:36.410,2021
Aston Martin,aston_martin,British,VET,vettel,Sebastian Vettel,German,5,2021-baku,Azerbaijan Grand Prix,206.032,kph,41,4,1:44.890,11,51,8017795,18.0,2,2,6,Finished,+1.385,2021
AlphaTauri,alphatauri,Italian,GAS,gasly,Pierre Gasly,French,10,2021-baku,Azerbaijan Grand Prix,205.386,kph,44,6,1:45.220,4,51,8019172,15.0,3,3,6,Finished,+2.762,2021
Ferrari,ferrari,Italian,LEC,leclerc,Charles Leclerc,Monegasque,16,2021-baku,Azerbaijan Grand Prix,205.071,kph,46,8,1:45.382,1,51,8020238,12.0,4,4,6,Finished,+3.828,2021
McLaren,mclaren,British,NOR,norris,Lando Norris,British,1,2021-baku,Azerbaijan Grand Prix,205.18,kph,41,7,1:45.326,9,51,8021164,10.0,5,5,6,Finished,+4.754,2021
Alpine F1 Team,alpine,French,ALO,alonso,Fernando Alonso,Spanish,14,2021-baku,Azerbaijan Grand Prix,204.601,kph,42,11,1:45.624,8,51,8022792,8.0,6,6,6,Finished,+6.382,2021
AlphaTauri,alphatauri,Italian,TSU,tsunoda,Yuki Tsunoda,Japanese,22,2021-baku,Azerbaijan Grand Prix,205.936,kph,46,5,1:44.939,7,51,8023034,6.0,7,7,6,Finished,+6.624,2021
Ferrari,ferrari,Italian,SAI,sainz,Carlos Sainz,Spanish,55,2021-baku,Azerbaijan Grand Prix,204.454,kph,42,13,1:45.700,5,51,8024119,4.0,8,8,6,Finished,+7.709,2021
McLaren,mclaren,British,RIC,ricciardo,Daniel Ricciardo,Australian,3,2021-baku,Azerbaijan Grand Prix,204.428,kph,43,14,1:45.713,13,51,8025284,2.0,9,9,6,Finished,+8.874,2021
Alfa Romeo,alfa,Swiss,RAI,raikkonen,Kimi Räikkönen,Finnish,7,2021-baku,Azerbaijan Grand Prix,204.645,kph,43,10,1:45.601,14,51,8025986,1.0,10,10,6,Finished,+9.576,2021
Alfa Romeo,alfa,Swiss,GIO,giovinazzi,Antonio Giovinazzi,Italian,99,2021-baku,Azerbaijan Grand Prix,204.696,kph,44,9,1:45.575,20,51,8026664,0.0,11,11,6,Finished,+10.254,2021
Mercedes,mercedes,German,BOT,bottas,Valtteri Bottas,Finnish,77,2021-baku,Azerbaijan Grand Prix,204.521,kph,43,12,1:45.665,10,51,8027674,0.0,12,12,6,Finished,+11.264,2021
Haas F1 Team,haas,American,MSC,mick_schumacher,Mick Schumacher,German,47,2021-baku,Azerbaijan Grand Prix,200.799,kph,41,18,1:47.624,17,51,8030651,0.0,13,13,6,Finished,+14.241,2021
Haas F1 Team,haas,American,MAZ,mazepin,Nikita Mazepin,Russian,9,2021-baku,Azerbaijan Grand Prix,200.569,kph,40,19,1:47.747,18,51,8030725,0.0,14,14,6,Finished,+14.315,2021
Mercedes,mercedes,German,HAM,hamilton,Lewis Hamilton,British,44,2021-baku,Azerbaijan Grand Prix,206.27,kph,43,3,1:44.769,2,51,8034078,0.0,15,15,6,Finished,+17.668,2021
Williams,williams,British,LAT,latifi,Nicholas Latifi,Canadian,6,2021-baku,Azerbaijan Grand Prix,202.712,kph,42,17,1:46.608,16,51,8059789,0.0,16,16,6,Finished,+43.379,2021
Williams,williams,British,RUS,russell,George Russell,British,63,2021-baku,Azerbaijan Grand Prix,203.954,kph,43,15,1:45.959,15,48,,0.0,17,R,6,Gearbox,,2021
Red Bull,red_bull,Austrian,VER,max_verstappen,Max Verstappen,Dutch,3,2021-baku,Azerbaijan Grand Prix,206.839,kph,44,1,1:44.481,3,45,,0.0,18,R,6,Accident,,2021
Aston Martin,aston_martin,British,STR,stroll,Lance Stroll,Canadian,18,2021-baku,Azerbaijan Grand Prix,203.478,kph,28,16,1:46.207,19,29,,0.0,19,R,6,Accident,,2021
Alpine F1 Team,alpine,French,OCO,ocon,Esteban Ocon,French,31,2021-baku,Azerbaijan Grand Prix,194.955,kph,2,20,1:50.850,12,3,,0.0,20,R,6,Turbo,,2021
Red Bull,red_bull,Austrian,VER,max_verstappen,Max Verstappen,Dutch,3,2021-le-castellet,French Grand Prix,218.156,kph,35,1,1:36.404,1,53,5245770,26.0,1,1,7,Finished,1:27:25.770,2021
Mercedes,mercedes,German,HAM,hamilton,Lewis Hamilton,British,44,2021-le-castellet,French Grand Prix,215.903,kph,44,5,1:37.410,2,53,5248674,18.0,2,2,7,Finished,+2.904,2021
Red Bull,red_bull,Austrian,PER,perez,Sergio Pérez,Mexican,11,2021-le-castellet,French Grand Prix,217.504,kph,53,2,1:36.693,4,53,5254581,15.0,3,3,7,Finished,+8.811,2021
Mercedes,mercedes,German,BOT,bottas,Valtteri Bottas,Finnish,77,2021-le-castellet,French Grand Prix,216.905,kph,19,3,1:36.960,3,53,5260388,12.0,4,4,7,Finished,+14.618,2021
McLaren,mclaren,British,NOR,norris,Lando Norris,British,1,2021-le-castellet,French Grand Prix,215.87,kph,52,6,1:37.425,8,53,5309802,10.0,5,5,7,Finished,+1:04.032,2021
McLaren,mclaren,British,RIC,ricciardo,Daniel Ricciardo,Australian,3,2021-le-castellet,French Grand Prix,213.896,kph,45,14,1:38.324,10,53,5321627,8.0,6,6,7,Finished,+1:15.857,2021
AlphaTauri,alphatauri,Italian,GAS,gasly,Pierre Gasly,French,10,2021-le-castellet,French Grand Prix,214.378,kph,44,11,1:38.103,6,53,5322366,6.0,7,7,7,Finished,+1:16.596,2021
Alpine F1 Team,alpine,French,ALO,alonso,Fernando Alonso,Spanish,14,2021-le-castellet,French Grand Prix,215.382,kph,44,7,1:37.646,9,53,5323465,4.0,8,8,7,Finished,+1:17.695,2021
Aston Martin,aston_martin,British,VET,vettel,Sebastian Vettel,German,5,2021-le-castellet,French Grand Prix,216.508,kph,52,4,1:37.138,12,53,5325436,2.0,9,9,7,Finished,+1:19.666,2021
Aston Martin,aston_martin,British,STR,stroll,Lance Stroll,Canadian,18,2021-le-castellet,French Grand Prix,214.981,kph,44,9,1:37.828,19,53,5337716,1.0,10,10,7,Finished,+1:31.946,2021
Ferrari,ferrari,Italian,SAI,sainz,Carlos Sainz,Spanish,55,2021-le-castellet,French Grand Prix,212.584,kph,19,18,1:38.931,5,53,5345107,0.0,11,11,7,Finished,+1:39.337,2021
Williams,williams,British,RUS,russell,George Russell,British,63,2021-le-castellet,French Grand Prix,213.918,kph,52,13,1:38.314,14,52,,0.0,12,12,7,+1 Lap,,2021
AlphaTauri,alphatauri,Italian,TSU,tsunoda,Yuki Tsunoda,Japanese,22,2021-le-castellet,French Grand Prix,212.479,kph,18,19,1:38.980,0,52,,0.0,13,13,7,+1 Lap,,2021
Alpine F1 Team,alpine,French,OCO,ocon,Esteban Ocon,French,31,2021-le-castellet,French Grand Prix,213.2,kph,33,15,1:38.645,11,52,,0.0,14,14,7,+1 Lap,,2021
Alfa Romeo,alfa,Swiss,GIO,giovinazzi,Antonio Giovinazzi,Italian,99,2021-le-castellet,French Grand Prix,213.077,kph,36,16,1:38.702,13,52,,0.0,15,15,7,+1 Lap,,2021
Ferrari,ferrari,Italian,LEC,leclerc,Charles Leclerc,Monegasque,16,2021-le-castellet,French Grand Prix,215.304,kph,43,8,1:37.681,7,52,,0.0,16,16,7,+1 Lap,,2021
Alfa Romeo,alfa,Swiss,RAI,raikkonen,Kimi Räikkönen,Finnish,7,2021-le-castellet,French Grand Prix,214.621,kph,46,10,1:37.992,17,52,,0.0,17,17,7,+1 Lap,,2021
Williams,williams,British,LAT,latifi,Nicholas Latifi,Canadian,6,2021-le-castellet,French Grand Prix,213.92,kph,50,12,1:38.313,16,52,,0.0,18,18,7,+1 Lap,,2021
Haas F1 Team,haas,American,MSC,mick_schumacher,Mick Schumacher,German,47,2021-le-castellet,French Grand Prix,212.765,kph,51,17,1:38.847,15,52,,0.0,19,19,7,+1 Lap,,2021
Haas F1 Team,haas,American,MAZ,mazepin,Nikita Mazepin,Russian,9,2021-le-castellet,French Grand Prix,211.758,kph,34,20,1:39.317,18,52,,0.0,20,20,7,+1 Lap,,2021
Red Bull,red_bull,Austrian,VER,max_verstappen,Max Verstappen,Dutch,3,2021-spielberg,Styrian Grand Prix,228.542,kph,68,3,1:08.017,1,71,4938925,25.0,1,1,8,Finished,1:22:18.925,2021
Mercedes,mercedes,German,HAM,hamilton,Lewis Hamilton,British,44,2021-spielberg,Styrian Grand Prix,231.811,kph,71,1,1:07.058,2,71,4974668,19.0,2,2,8,Finished,+35.743,2021
Mercedes,mercedes,German,BOT,bottas,Valtteri Bottas,Finnish,77,2021-spielberg,Styrian Grand Prix,226.537,kph,43,5,1:08.619,5,71,4985832,15.0,3,3,8,Finished,+46.907,2021
Red Bull,red_bull,Austrian,PER,perez,Sergio Pérez,Mexican,11,2021-spielberg,Styrian Grand Prix,228.956,kph,57,2,1:07.894,4,71,4986359,12.0,4,4,8,Finished,+47.434,2021
McLaren,mclaren,British,NOR,norris,Lando Norris,British,1,2021-spielberg,Styrian Grand Prix,225.604,kph,65,7,1:08.903,3,70,,10.0,5,5,8,+1 Lap,,2021
Ferrari,ferrari,Italian,SAI,sainz,Carlos Sainz,Spanish,55,2021-spielberg,Styrian Grand Prix,226.57,kph,64,4,1:08.609,12,70,,8.0,6,6,8,+1 Lap,,2021
Ferrari,ferrari,Italian,LEC,leclerc,Charles Leclerc,Monegasque,16,2021-spielberg,Styrian Grand Prix,226.145,kph,64,6,1:08.738,7,70,,6.0,7,7,8,+1 Lap,,2021
Aston Martin,aston_martin,British,STR,stroll,Lance Stroll,Canadian,18,2021-spielberg,Styrian Grand Prix,222.746,kph,32,14,1:09.787,9,70,,4.0,8,8,8,+1 Lap,,2021
Alpine F1 Team,alpine,French,ALO,alonso,Fernando Alonso,Spanish,14,2021-spielberg,Styrian Grand Prix,222.867,kph,61,13,1:09.749,8,70,,2.0,9,9,8,+1 Lap,,2021
AlphaTauri,alphatauri,Italian,TSU,tsunoda,Yuki Tsunoda,Japanese,22,2021-spielberg,Styrian Grand Prix,223.184,kph,41,11,1:09.650,11,70,,1.0,10,10,8,+1 Lap,,2021
Alfa Romeo,alfa,Swiss,RAI,raikkonen,Kimi Räikkönen,Finnish,7,2021-spielberg,Styrian Grand Prix,224.869,kph,57,8,1:09.128,18,70,,0.0,11,11,8,+1 Lap,,2021
Aston Martin,aston_martin,British,VET,vettel,Sebastian Vettel,German,5,2021-spielberg,Styrian Grand Prix,222.637,kph,64,15,1:09.821,14,70,,0.0,12,12,8,+1 Lap,,2021
McLaren,mclaren,British,RIC,ricciardo,Daniel Ricciardo,Australian,3,2021-spielberg,Styrian Grand Prix,224.295,kph,45,9,1:09.305,13,70,,0.0,13,13,8,+1 Lap,,2021
Alpine F1 Team,alpine,French,OCO,ocon,Esteban Ocon,French,31,2021-spielberg,Styrian Grand Prix,223.421,kph,70,10,1:09.576,17,70,,0.0,14,14,8,+1 Lap,,2021
Alfa Romeo,alfa,Swiss,GIO,giovinazzi,Antonio Giovinazzi,Italian,99,2021-spielberg,Styrian Grand Prix,222.95,kph,39,12,1:09.723,15,70,,0.0,15,15,8,+1 Lap,,2021
Haas F1 Team,haas,American,MSC,mick_schumacher,Mick Schumacher,German,47,2021-spielberg,Styrian Grand Prix,222.052,kph,57,16,1:10.005,19,69,,0.0,16,16,8,+2 Laps,,2021
Williams,williams,British,LAT,latifi,Nicholas Latifi,Canadian,6,2021-spielberg,Styrian Grand Prix,221.739,kph,34,17,1:10.104,16,68,,0.0,17,17,8,+3 Laps,,2021
Haas F1 Team,haas,American,MAZ,mazepin,Nikita Mazepin,Russian,9,2021-spielberg,Styrian Grand Prix,219.092,kph,39,19,1:10.951,20,68,,0.0,18,18,8,+3 Laps,,2021
Williams,williams,British,RUS,russell,George Russell,British,63,2021-spielberg,Styrian Grand Prix,220.496,kph,28,18,1:10.499,10,36,,0.0,19,R,8,Engine,,2021
AlphaTauri,alphatauri,Italian,GAS,gasly,Pierre Gasly,French,10,2021-spielberg,Styrian Grand Prix,,,,,,6,1,,0.0,20,R,8,Collision,,2021
Red Bull,red_bull,Austrian,VER,max_verstappen,Max Verstappen,Dutch,3,2021-spielberg,Austrian Grand Prix,234.815,kph,62,1,1:06.200,1,71,5034543,26.0,1,1,9,Finished,1:23:54.543,2021
Mercedes,mercedes,German,BOT,bottas,Valtteri Bottas,Finnish,77,2021-spielberg,Austrian Grand Prix,227.349,kph,52,6,1:08.374,5,71,5052516,18.0,2,2,9,Finished,+17.973,2021
McLaren,mclaren,British,NOR,norris,Lando Norris,British,1,2021-spielberg,Austrian Grand Prix,227.027,kph,62,10,1:08.471,2,71,5054562,15.0,3,3,9,Finished,+20.019,2021
Mercedes,mercedes,German,HAM,hamilton,Lewis Hamilton,British,44,2021-spielberg,Austrian Grand Prix,228.177,kph,55,3,1:08.126,4,71,5080995,12.0,4,4,9,Finished,+46.452,2021
Ferrari,ferrari,Italian,SAI,sainz,Carlos Sainz,Spanish,55,2021-spielberg,Austrian Grand Prix,229.402,kph,70,2,1:07.762,10,71,5091687,10.0,5,5,9,Finished,+57.144,2021
Red Bull,red_bull,Austrian,PER,perez,Sergio Pérez,Mexican,11,2021-spielberg,Austrian Grand Prix,227.956,kph,55,5,1:08.192,3,71,5092458,8.0,6,6,9,Finished,+57.915,2021
McLaren,mclaren,British,RIC,ricciardo,Daniel Ricciardo,Australian,3,2021-spielberg,Austrian Grand Prix,225.876,kph,56,14,1:08.820,13,71,5094938,6.0,7,7,9,Finished,+1:00.395,2021
Ferrari,ferrari,Italian,LEC,leclerc,Charles Leclerc,Monegasque,16,2021-spielberg,Austrian Grand Prix,226.277,kph,55,13,1:08.698,12,71,5095738,4.0,8,8,9,Finished,+1:01.195,2021
AlphaTauri,alphatauri,Italian,GAS,gasly,Pierre Gasly,French,10,2021-spielberg,Austrian Grand Prix,228.11,kph,54,4,1:08.146,6,71,5096387,2.0,9,9,9,Finished,+1:01.844,2021
Alpine F1 Team,alpine,French,ALO,alonso,Fernando Alonso,Spanish,14,2021-spielberg,Austrian Grand Prix,227.246,kph,70,7,1:08.405,14,70,,1.0,10,10,9,+1 Lap,,2021
Williams,williams,British,RUS,russell,George Russell,British,63,2021-spielberg,Austrian Grand Prix,225.613,kph,56,16,1:08.900,8,70,,0.0,11,11,9,+1 Lap,,2021
AlphaTauri,alphatauri,Italian,TSU,tsunoda,Yuki Tsunoda,Japanese,22,2021-spielberg,Austrian Grand Prix,227.08,kph,54,9,1:08.455,7,70,,0.0,12,12,9,+1 Lap,,2021
Aston Martin,aston_martin,British,STR,stroll,Lance Stroll,Canadian,18,2021-spielberg,Austrian Grand Prix,226.405,kph,54,12,1:08.659,9,70,,0.0,13,13,9,+1 Lap,,2021
Alfa Romeo,alfa,Swiss,GIO,giovinazzi,Antonio Giovinazzi,Italian,99,2021-spielberg,Austrian Grand Prix,225.149,kph,55,17,1:09.042,15,70,,0.0,14,14,9,+1 Lap,,2021
Alfa Romeo,alfa,Swiss,RAI,raikkonen,Kimi Räikkönen,Finnish,7,2021-spielberg,Austrian Grand Prix,225.699,kph,69,15,1:08.874,16,70,,0.0,15,15,9,+1 Lap,,2021
Williams,williams,British,LAT,latifi,Nicholas Latifi,Canadian,6,2021-spielberg,Austrian Grand Prix,226.865,kph,62,11,1:08.520,18,70,,0.0,16,16,9,+1 Lap,,2021
Aston Martin,aston_martin,British,VET,vettel,Sebastian Vettel,German,5,2021-spielberg,Austrian Grand Prix,227.196,kph,51,8,1:08.420,11,69,,0.0,17,17,9,Collision,,2021
Haas F1 Team,haas,American,MSC,mick_schumacher,Mick Schumacher,German,47,2021-spielberg,Austrian Grand Prix,224.007,kph,56,18,1:09.394,19,69,,0.0,18,18,9,+2 Laps,,2021
Haas F1 Team,haas,American,MAZ,mazepin,Nikita Mazepin,Russian,9,2021-spielberg,Austrian Grand Prix,222.842,kph,49,19,1:09.757,20,69,,0.0,19,19,9,+2 Laps,,2021
Alpine F1 Team,alpine,French,OCO,ocon,Esteban Ocon,French,31,2021-spielberg,Austrian Grand Prix,,,,,,17,0,,0.0,20,R,9,Collision,,2021
Mercedes,mercedes,German,HAM,hamilton,Lewis Hamilton,British,44,2021-silverstone,British Grand Prix,236.43,kph,45,2,1:29.699,2,52,7103284,25.0,1,1,10,Finished,1:58:23.284,2021
Ferrari,ferrari,Italian,LEC,leclerc,Charles Leclerc,Monegasque,16,2021-silverstone,British Grand Prix,234.159,kph,45,5,1:30.569,4,52,7107155,18.0,2,2,10,Finished,+3.871,2021
Mercedes,mercedes,German,BOT,bottas,Valtteri Bottas,Finnish,77,2021-silverstone,British Grand Prix,234.275,kph,45,4,1:30.524,3,52,7114409,15.0,3,3,10,Finished,+11.125,2021
McLaren,mclaren,British,NOR,norris,Lando Norris,British,1,2021-silverstone,British Grand Prix,231.979,kph,44,9,1:31.420,5,52,7131857,12.0,4,4,10,Finished,+28.573,2021
McLaren,mclaren,British,RIC,ricciardo,Daniel Ricciardo,Australian,3,2021-silverstone,British Grand Prix,232.325,kph,51,8,1:31.284,6,52,7145908,10.0,5,5,10,Finished,+42.624,2021
Ferrari,ferrari,Italian,SAI,sainz,Carlos Sainz,Spanish,55,2021-silverstone,British Grand Prix,232.48,kph,51,7,1:31.223,10,52,7146738,8.0,6,6,10,Finished,+43.454,2021
Alpine F1 Team,alpine,French,ALO,alonso,Fernando Alonso,Spanish,14,2021-silverstone,British Grand Prix,231.276,kph,48,10,1:31.698,7,52,7175377,6.0,7,7,10,Finished,+1:12.093,2021
Aston Martin,aston_martin,British,STR,stroll,Lance Stroll,Canadian,18,2021-silverstone,British Grand Prix,230.537,kph,48,12,1:31.992,14,52,7177573,4.0,8,8,10,Finished,+1:14.289,2021
Alpine F1 Team,alpine,French,OCO,ocon,Esteban Ocon,French,31,2021-silverstone,British Grand Prix,229.992,kph,48,14,1:32.210,9,52,7179446,2.0,9,9,10,Finished,+1:16.162,2021
AlphaTauri,alphatauri,Italian,TSU,tsunoda,Yuki Tsunoda,Japanese,22,2021-silverstone,British Grand Prix,233.497,kph,51,6,1:30.826,16,52,7185349,1.0,10,10,10,Finished,+1:22.065,2021
AlphaTauri,alphatauri,Italian,GAS,gasly,Pierre Gasly,French,10,2021-silverstone,British Grand Prix,234.945,kph,52,3,1:30.266,11,52,7188611,0.0,11,11,10,Finished,+1:25.327,2021
Williams,williams,British,RUS,russell,George Russell,British,63,2021-silverstone,British Grand Prix,230.394,kph,49,13,1:32.049,12,51,,0.0,12,12,10,+1 Lap,,2021
Alfa Romeo,alfa,Swiss,GIO,giovinazzi,Antonio Giovinazzi,Italian,99,2021-silverstone,British Grand Prix,229.653,kph,49,15,1:32.346,15,51,,0.0,13,13,10,+1 Lap,,2021
Williams,williams,British,LAT,latifi,Nicholas Latifi,Canadian,6,2021-silverstone,British Grand Prix,229.328,kph,51,16,1:32.477,17,51,,0.0,14,14,10,+1 Lap,,2021
Alfa Romeo,alfa,Swiss,RAI,raikkonen,Kimi Räikkönen,Finnish,7,2021-silverstone,British Grand Prix,230.78,kph,48,11,1:31.895,13,51,,0.0,15,15,10,+1 Lap,,2021
Red Bull,red_bull,Austrian,PER,perez,Sergio Pérez,Mexican,11,2021-silverstone,British Grand Prix,239.317,kph,50,1,1:28.617,0,51,,0.0,16,16,10,+1 Lap,,2021
Haas F1 Team,haas,American,MAZ,mazepin,Nikita Mazepin,Russian,9,2021-silverstone,British Grand Prix,228.262,kph,51,18,1:32.909,19,51,,0.0,17,17,10,+1 Lap,,2021
Haas F1 Team,haas,American,MSC,mick_schumacher,Mick Schumacher,German,47,2021-silverstone,British Grand Prix,228.377,kph,50,17,1:32.862,18,51,,0.0,18,18,10,+1 Lap,,2021
Aston Martin,aston_martin,British,VET,vettel,Sebastian Vettel,German,5,2021-silverstone,British Grand Prix,227.894,kph,35,19,1:33.059,8,40,,0.0,19,R,10,Retired,,2021
Red Bull,red_bull,Austrian,VER,max_verstappen,Max Verstappen,Dutch,3,2021-silverstone,British Grand Prix,,,,,,1,0,,0.0,20,R,10,Collision,,2021
Alpine F1 Team,alpine,French,OCO,ocon,Esteban Ocon,French,31,2021-budapest,Hungarian Grand Prix,193.704,kph,54,5,1:21.421,8,70,7483199,25.0,1,1,11,Finished,2:04:43.199,2021
Mercedes,mercedes,German,HAM,hamilton,Lewis Hamilton,British,44,2021-budapest,Hungarian Grand Prix,200.363,kph,49,2,1:18.715,1,70,7485935,18.0,2,2,11,Finished,+2.736,2021
Ferrari,ferrari,Italian,SAI,sainz,Carlos Sainz,Spanish,55,2021-budapest,Hungarian Grand Prix,193.699,kph,54,6,1:21.423,15,70,7498217,15.0,3,3,11,Finished,+15.018,2021
Alpine F1 Team,alpine,French,ALO,alonso,Fernando Alonso,Spanish,14,2021-budapest,Hungarian Grand Prix,196.264,kph,41,3,1:20.359,9,70,7498850,12.0,4,4,11,Finished,+15.651,2021
AlphaTauri,alphatauri,Italian,GAS,gasly,Pierre Gasly,French,10,2021-budapest,Hungarian Grand Prix,201.183,kph,70,1,1:18.394,5,70,7546813,11.0,5,5,11,Finished,+1:03.614,2021
AlphaTauri,alphatauri,Italian,TSU,tsunoda,Yuki Tsunoda,Japanese,22,2021-budapest,Hungarian Grand Prix,191.286,kph,43,10,1:22.450,16,70,7559002,8.0,6,6,11,Finished,+1:15.803,2021
Williams,williams,British,LAT,latifi,Nicholas Latifi,Canadian,6,2021-budapest,Hungarian Grand Prix,190.406,kph,62,14,1:22.831,18,70,7561109,6.0,7,7,11,Finished,+1:17.910,2021
Williams,williams,British,RUS,russell,George Russell,British,63,2021-budapest,Hungarian Grand Prix,192.074,kph,62,9,1:22.112,17,70,7562293,4.0,8,8,11,Finished,+1:19.094,2021
Red Bull,red_bull,Austrian,VER,max_verstappen,Max Verstappen,Dutch,3,2021-budapest,Hungarian Grand Prix,194.843,kph,43,4,1:20.945,3,70,7563443,2.0,9,9,11,Finished,+1:20.244,2021
Alfa Romeo,alfa,Swiss,RAI,raikkonen,Kimi Räikkönen,Finnish,7,2021-budapest,Hungarian Grand Prix,193.473,kph,58,8,1:21.518,13,69,,1.0,10,10,11,+1 Lap,,2021
McLaren,mclaren,British,RIC,ricciardo,Daniel Ricciardo,Australian,3,2021-budapest,Hungarian Grand Prix,190.473,kph,58,13,1:22.802,11,69,,0.0,11,11,11,+1 Lap,,2021
Haas F1 Team,haas,American,MSC,mick_schumacher,Mick Schumacher,German,47,2021-budapest,Hungarian Grand Prix,190.683,kph,44,11,1:22.711,20,69,,0.0,12,12,11,+1 Lap,,2021
Alfa Romeo,alfa,Swiss,GIO,giovinazzi,Antonio Giovinazzi,Italian,99,2021-budapest,Hungarian Grand Prix,190.625,kph,44,12,1:22.736,0,69,,0.0,13,13,11,+1 Lap,,2021
Haas F1 Team,haas,American,MAZ,mazepin,Nikita Mazepin,Russian,9,2021-budapest,Hungarian Grand Prix,,,,,,19,3,,0.0,14,R,11,Collision,,2021
McLaren,mclaren,British,NOR,norris,Lando Norris,British,1,2021-budapest,Hungarian Grand Prix,,,,,,6,2,,0.0,15,R,11,Collision,,2021
Mercedes,mercedes,German,BOT,bottas,Valtteri Bottas,Finnish,77,2021-budapest,Hungarian Grand Prix,,,,,,2,0,,0.0,16,R,11,Collision,,2021
Red Bull,red_bull,Austrian,PER,perez,Sergio Pérez,Mexican,11,2021-budapest,Hungarian Grand Prix,,,,,,4,0,,0.0,17,R,11,Collision,,2021
Ferrari,ferrari,Italian,LEC,leclerc,Charles Leclerc,Monegasque,16,2021-budapest,Hungarian Grand Prix,,,,,,7,0,,0.0,18,R,11,Collision,,2021
Aston Martin,aston_martin,British,STR,stroll,Lance Stroll,Canadian,18,2021-budapest,Hungarian Grand Prix,,,,,,12,0,,0.0,19,R,11,Collision,,2021
Aston Martin,aston_martin,British,VET,vettel,Sebastian Vettel,German,5,2021-budapest,Hungarian Grand Prix,193.613,kph,60,7,1:21.459,10,70,,0.0,20,D,11,Disqualified,,2021
Red Bull,red_bull,Austrian,VER,max_verstappen,Max Verstappen,Dutch,3,2021-spa,Belgian Grand Prix,,,,,,1,1,207071,12.5,1,1,12,Finished,3:27.071,2021
Williams,williams,British,RUS,russell,George Russell,British,63,2021-spa,Belgian Grand Prix,,,,,,2,1,209066,9.0,2,2,12,Finished,+1.995,2021
Mercedes,mercedes,German,HAM,hamilton,Lewis Hamilton,British,44,2021-spa,Belgian Grand Prix,,,,,,3,1,209672,7.5,3,3,12,Finished,+2.601,2021
McLaren,mclaren,British,RIC,ricciardo,Daniel Ricciardo,Australian,3,2021-spa,Belgian Grand Prix,,,,,,4,1,211567,6.0,4,4,12,Finished,+4.496,2021
Aston Martin,aston_martin,British,VET,vettel,Sebastian Vettel,German,5,2021-spa,Belgian Grand Prix,,,,,,5,1,214550,5.0,5,5,12,Finished,+7.479,2021
AlphaTauri,alphatauri,Italian,GAS,gasly,Pierre Gasly,French,10,2021-spa,Belgian Grand Prix,,,,,,6,1,217248,4.0,6,6,12,Finished,+10.177,2021
Alpine F1 Team,alpine,French,OCO,ocon,Esteban Ocon,French,31,2021-spa,Belgian Grand Prix,,,,,,8,1,218650,3.0,7,7,12,Finished,+11.579,2021
Ferrari,ferrari,Italian,LEC,leclerc,Charles Leclerc,Monegasque,16,2021-spa,Belgian Grand Prix,,,,,,9,1,219679,2.0,8,8,12,Finished,+12.608,2021
Williams,williams,British,LAT,latifi,Nicholas Latifi,Canadian,6,2021-spa,Belgian Grand Prix,,,,,,10,1,222556,1.0,9,9,12,Finished,+15.485,2021
Ferrari,ferrari,Italian,SAI,sainz,Carlos Sainz,Spanish,55,2021-spa,Belgian Grand Prix,,,,,,11,1,223237,0.5,10,10,12,Finished,+16.166,2021
Alpine F1 Team,alpine,French,ALO,alonso,Fernando Alonso,Spanish,14,2021-spa,Belgian Grand Prix,,,,,,12,1,227661,0.0,11,11,12,Finished,+20.590,2021
Mercedes,mercedes,German,BOT,bottas,Valtteri Bottas,Finnish,77,2021-spa,Belgian Grand Prix,,,,,,13,1,229485,0.0,12,12,12,Finished,+22.414,2021
Alfa Romeo,alfa,Swiss,GIO,giovinazzi,Antonio Giovinazzi,Italian,99,2021-spa,Belgian Grand Prix,,,,,,14,1,231234,0.0,13,13,12,Finished,+24.163,2021
McLaren,mclaren,British,NOR,norris,Lando Norris,British,1,2021-spa,Belgian Grand Prix,,,,,,15,1,234181,0.0,14,14,12,Finished,+27.110,2021
AlphaTauri,alphatauri,Italian,TSU,tsunoda,Yuki Tsunoda,Japanese,22,2021-spa,Belgian Grand Prix,,,,,,16,1,235400,0.0,15,15,12,Finished,+28.329,2021
Haas F1 Team,haas,American,MSC,mick_schumacher,Mick Schumacher,German,47,2021-spa,Belgian Grand Prix,,,,,,17,1,236578,0.0,16,16,12,Finished,+29.507,2021
Haas F1 Team,haas,American,MAZ,mazepin,Nikita Mazepin,Russian,9,2021-spa,Belgian Grand Prix,,,,,,18,1,239064,0.0,17,17,12,Finished,+31.993,2021
Alfa Romeo,alfa,Swiss,RAI,raikkonen,Kimi Räikkönen,Finnish,7,2021-spa,Belgian Grand Prix,,,,,,0,1,243125,0.0,18,18,12,Finished,+36.054,2021
Red Bull,red_bull,Austrian,PER,perez,Sergio Pérez,Mexican,11,2021-spa,Belgian Grand Prix,,,,,,0,1,245276,0.0,19,19,12,Finished,+38.205,2021
Aston Martin,aston_martin,British,STR,stroll,Lance Stroll,Canadian,18,2021-spa,Belgian Grand Prix,,,,,,19,1,251179,0.0,20,20,12,Finished,+44.108,2021
Red Bull,red_bull,Austrian,VER,max_verstappen,Max Verstappen,Dutch,3,2021-zandvoort,Dutch Grand Prix,209.244,kph,60,3,1:13.275,1,72,5405395,25.0,1,1,13,Finished,1:30:05.395,2021
Mercedes,mercedes,German,HAM,hamilton,Lewis Hamilton,British,44,2021-zandvoort,Dutch Grand Prix,215.654,kph,72,1,1:11.097,2,72,5426327,19.0,2,2,13,Finished,+20.932,2021
Mercedes,mercedes,German,BOT,bottas,Valtteri Bottas,Finnish,77,2021-zandvoort,Dutch Grand Prix,211.338,kph,69,2,1:12.549,3,72,5461855,15.0,3,3,13,Finished,+56.460,2021
AlphaTauri,alphatauri,Italian,GAS,gasly,Pierre Gasly,French,10,2021-zandvoort,Dutch Grand Prix,204.929,kph,57,10,1:14.818,4,71,,12.0,4,4,13,+1 Lap,,2021
Ferrari,ferrari,Italian,LEC,leclerc,Charles Leclerc,Monegasque,16,2021-zandvoort,Dutch Grand Prix,205.033,kph,58,9,1:14.780,5,71,,10.0,5,5,13,+1 Lap,,2021
Alpine F1 Team,alpine,French,ALO,alonso,Fernando Alonso,Spanish,14,2021-zandvoort,Dutch Grand Prix,206.294,kph,60,7,1:14.323,9,71,,8.0,6,6,13,+1 Lap,,2021
Ferrari,ferrari,Italian,SAI,sainz,Carlos Sainz,Spanish,55,2021-zandvoort,Dutch Grand Prix,203.725,kph,45,13,1:15.260,6,71,,6.0,7,7,13,+1 Lap,,2021
Red Bull,red_bull,Austrian,PER,perez,Sergio Pérez,Mexican,11,2021-zandvoort,Dutch Grand Prix,208.714,kph,59,4,1:13.461,0,71,,4.0,8,8,13,+1 Lap,,2021
Alpine F1 Team,alpine,French,OCO,ocon,Esteban Ocon,French,31,2021-zandvoort,Dutch Grand Prix,205.321,kph,54,8,1:14.675,8,71,,2.0,9,9,13,+1 Lap,,2021
McLaren,mclaren,British,NOR,norris,Lando Norris,British,1,2021-zandvoort,Dutch Grand Prix,206.535,kph,48,6,1:14.236,13,71,,1.0,10,10,13,+1 Lap,,2021
McLaren,mclaren,British,RIC,ricciardo,Daniel Ricciardo,Australian,3,2021-zandvoort,Dutch Grand Prix,204.65,kph,59,11,1:14.920,10,71,,0.0,11,11,13,+1 Lap,,2021
Aston Martin,aston_martin,British,STR,stroll,Lance Stroll,Canadian,18,2021-zandvoort,Dutch Grand Prix,202.78,kph,57,15,1:15.611,12,70,,0.0,12,12,13,+2 Laps,,2021
Aston Martin,aston_martin,British,VET,vettel,Sebastian Vettel,German,5,2021-zandvoort,Dutch Grand Prix,207.312,kph,63,5,1:13.958,15,70,,0.0,13,13,13,+2 Laps,,2021
Alfa Romeo,alfa,Swiss,GIO,giovinazzi,Antonio Giovinazzi,Italian,99,2021-zandvoort,Dutch Grand Prix,204.091,kph,66,12,1:15.125,7,70,,0.0,14,14,13,+2 Laps,,2021
Alfa Romeo,alfa,Swiss,KUB,kubica,Robert Kubica,Polish,88,2021-zandvoort,Dutch Grand Prix,203.234,kph,44,14,1:15.442,16,70,,0.0,15,15,13,+2 Laps,,2021
Williams,williams,British,LAT,latifi,Nicholas Latifi,Canadian,6,2021-zandvoort,Dutch Grand Prix,202.301,kph,25,18,1:15.790,0,70,,0.0,16,16,13,+2 Laps,,2021
Williams,williams,British,RUS,russell,George Russell,British,63,2021-zandvoort,Dutch Grand Prix,202.734,kph,57,16,1:15.628,11,69,,0.0,17,17,13,Gearbox,,2021
Haas F1 Team,haas,American,MSC,mick_schumacher,Mick Schumacher,German,47,2021-zandvoort,Dutch Grand Prix,201.936,kph,36,19,1:15.927,17,69,,0.0,18,18,13,+3 Laps,,2021
AlphaTauri,alphatauri,Italian,TSU,tsunoda,Yuki Tsunoda,Japanese,22,2021-zandvoort,Dutch Grand Prix,202.319,kph,44,17,1:15.783,14,48,,0.0,19,R,13,Power Unit,,2021
Haas F1 Team,haas,American,MAZ,mazepin,Nikita Mazepin,Russian,9,2021-zandvoort,Dutch Grand Prix,201.567,kph,35,20,1:16.066,18,41,,0.0,20,R,13,Hydraulics,,2021
McLaren,mclaren,British,RIC,ricciardo,Daniel Ricciardo,Australian,3,2021-monza,Italian Grand Prix,245.894,kph,53,1,1:24.812,2,53,4914365,26.0,1,1,14,Finished,1:21:54.365,2021
McLaren,mclaren,British,NOR,norris,Lando Norris,British,1,2021-monza,Italian Grand Prix,245.434,kph,53,3,1:24.971,3,53,4916112,18.0,2,2,14,Finished,+1.747,2021
Mercedes,mercedes,German,BOT,bottas,Valtteri Bottas,Finnish,77,2021-monza,Italian Grand Prix,245.85,kph,34,2,1:24.827,19,53,4919286,15.0,3,3,14,Finished,+4.921,2021
Ferrari,ferrari,Italian,LEC,leclerc,Charles Leclerc,Monegasque,16,2021-monza,Italian Grand Prix,244.433,kph,53,6,1:25.319,5,53,4921674,12.0,4,4,14,Finished,+7.309,2021
Red Bull,red_bull,Austrian,PER,perez,Sergio Pérez,Mexican,11,2021-monza,Italian Grand Prix,244.901,kph,53,4,1:25.156,8,53,4923088,10.0,5,5,14,Finished,+8.723,2021
Ferrari,ferrari,Italian,SAI,sainz,Carlos Sainz,Spanish,55,2021-monza,Italian Grand Prix,243.747,kph,53,8,1:25.559,6,53,4924900,8.0,6,6,14,Finished,+10.535,2021
Aston Martin,aston_martin,British,STR,stroll,Lance Stroll,Canadian,18,2021-monza,Italian Grand Prix,242.912,kph,52,13,1:25.853,9,53,4930169,6.0,7,7,14,Finished,+15.804,2021
Alpine F1 Team,alpine,French,ALO,alonso,Fernando Alonso,Spanish,14,2021-monza,Italian Grand Prix,243.995,kph,52,7,1:25.472,10,53,4931566,4.0,8,8,14,Finished,+17.201,2021
Williams,williams,British,RUS,russell,George Russell,British,63,2021-monza,Italian Grand Prix,242.963,kph,53,11,1:25.835,14,53,4934107,2.0,9,9,14,Finished,+19.742,2021
Alpine F1 Team,alpine,French,OCO,ocon,Esteban Ocon,French,31,2021-monza,Italian Grand Prix,243.727,kph,53,9,1:25.566,12,53,4935233,1.0,10,10,14,Finished,+20.868,2021
Williams,williams,British,LAT,latifi,Nicholas Latifi,Canadian,6,2021-monza,Italian Grand Prix,242.63,kph,50,16,1:25.953,13,53,4938108,0.0,11,11,14,Finished,+23.743,2021
Aston Martin,aston_martin,British,VET,vettel,Sebastian Vettel,German,5,2021-monza,Italian Grand Prix,242.672,kph,50,15,1:25.938,11,53,4938986,0.0,12,12,14,Finished,+24.621,2021
Alfa Romeo,alfa,Swiss,GIO,giovinazzi,Antonio Giovinazzi,Italian,99,2021-monza,Italian Grand Prix,243.295,kph,50,10,1:25.718,7,53,4941581,0.0,13,13,14,Finished,+27.216,2021
Alfa Romeo,alfa,Swiss,KUB,kubica,Robert Kubica,Polish,88,2021-monza,Italian Grand Prix,242.924,kph,53,12,1:25.849,17,53,4944134,0.0,14,14,14,Finished,+29.769,2021
Haas F1 Team,haas,American,MSC,mick_schumacher,Mick Schumacher,German,47,2021-monza,Italian Grand Prix,240.52,kph,52,17,1:26.707,18,53,4965453,0.0,15,15,14,Finished,+51.088,2021
Haas F1 Team,haas,American,MAZ,mazepin,Nikita Mazepin,Russian,9,2021-monza,Italian Grand Prix,239.155,kph,41,18,1:27.202,16,41,,0.0,16,R,14,Power Unit,,2021
Mercedes,mercedes,German,HAM,hamilton,Lewis Hamilton,British,44,2021-monza,Italian Grand Prix,242.864,kph,3,14,1:25.870,4,25,,0.0,17,R,14,Collision,,2021
Red Bull,red_bull,Austrian,VER,max_verstappen,Max Verstappen,Dutch,3,2021-monza,Italian Grand Prix,244.852,kph,25,5,1:25.173,1,25,,0.0,18,R,14,Collision,,2021
AlphaTauri,alphatauri,Italian,GAS,gasly,Pierre Gasly,French,10,2021-monza,Italian Grand Prix,234.31,kph,2,19,1:29.005,0,3,,0.0,19,R,14,Suspension,,2021
AlphaTauri,alphatauri,Italian,TSU,tsunoda,Yuki Tsunoda,Japanese,22,2021-monza,Italian Grand Prix,,,,,,0,0,,0.0,20,W,14,Brakes,,2021
Mercedes,mercedes,German,HAM,hamilton,Lewis Hamilton,British,44,2021-sochi,Russian Grand Prix,215.76,kph,43,2,1:37.575,4,53,5441001,25.0,1,1,15,Finished,1:30:41.001,2021
Red Bull,red_bull,Austrian,VER,max_verstappen,Max Verstappen,Dutch,3,2021-sochi,Russian Grand Prix,213.959,kph,28,5,1:38.396,20,53,5494272,18.0,2,2,15,Finished,+53.271,2021
Ferrari,ferrari,Italian,SAI,sainz,Carlos Sainz,Spanish,55,2021-sochi,Russian Grand Prix,212.024,kph,40,12,1:39.294,2,53,5503476,15.0,3,3,15,Finished,+1:02.475,2021
McLaren,mclaren,British,RIC,ricciardo,Daniel Ricciardo,Australian,3,2021-sochi,Russian Grand Prix,212.388,kph,24,9,1:39.124,5,53,5506608,12.0,4,4,15,Finished,+1:05.607,2021
Mercedes,mercedes,German,BOT,bottas,Valtteri Bottas,Finnish,77,2021-sochi,Russian Grand Prix,214.352,kph,31,3,1:38.216,16,53,5508534,10.0,5,5,15,Finished,+1:07.533,2021
Alpine F1 Team,alpine,French,ALO,alonso,Fernando Alonso,Spanish,14,2021-sochi,Russian Grand Prix,213.331,kph,44,6,1:38.686,6,53,5522322,8.0,6,6,15,Finished,+1:21.321,2021
McLaren,mclaren,British,NOR,norris,Lando Norris,British,1,2021-sochi,Russian Grand Prix,216.096,kph,39,1,1:37.423,1,53,5528225,7.0,7,7,15,Finished,+1:27.224,2021
Alfa Romeo,alfa,Swiss,RAI,raikkonen,Kimi Räikkönen,Finnish,7,2021-sochi,Russian Grand Prix,209.921,kph,34,16,1:40.289,13,53,5529956,4.0,8,8,15,Finished,+1:28.955,2021
Red Bull,red_bull,Austrian,PER,perez,Sergio Pérez,Mexican,11,2021-sochi,Russian Grand Prix,212.193,kph,45,10,1:39.215,8,53,5531077,2.0,9,9,15,Finished,+1:30.076,2021
Williams,williams,British,RUS,russell,George Russell,British,63,2021-sochi,Russian Grand Prix,209.28,kph,40,18,1:40.596,3,53,5541552,1.0,10,10,15,Finished,+1:40.551,2021
Aston Martin,aston_martin,British,STR,stroll,Lance Stroll,Canadian,18,2021-sochi,Russian Grand Prix,209.555,kph,35,17,1:40.464,7,53,5547199,0.0,11,11,15,Finished,+1:46.198,2021
Aston Martin,aston_martin,British,VET,vettel,Sebastian Vettel,German,5,2021-sochi,Russian Grand Prix,212.116,kph,44,11,1:39.251,10,52,,0.0,12,12,15,+1 Lap,,2021
AlphaTauri,alphatauri,Italian,GAS,gasly,Pierre Gasly,French,10,2021-sochi,Russian Grand Prix,214.214,kph,35,4,1:38.279,11,52,,0.0,13,13,15,+1 Lap,,2021
Alpine F1 Team,alpine,French,OCO,ocon,Esteban Ocon,French,31,2021-sochi,Russian Grand Prix,209.276,kph,34,19,1:40.598,9,52,,0.0,14,14,15,+1 Lap,,2021
Ferrari,ferrari,Italian,LEC,leclerc,Charles Leclerc,Monegasque,16,2021-sochi,Russian Grand Prix,212.667,kph,45,7,1:38.994,19,52,,0.0,15,15,15,+1 Lap,,2021
Alfa Romeo,alfa,Swiss,GIO,giovinazzi,Antonio Giovinazzi,Italian,99,2021-sochi,Russian Grand Prix,212.53,kph,39,8,1:39.058,17,52,,0.0,16,16,15,+1 Lap,,2021
AlphaTauri,alphatauri,Italian,TSU,tsunoda,Yuki Tsunoda,Japanese,22,2021-sochi,Russian Grand Prix,210.612,kph,42,13,1:39.960,12,52,,0.0,17,17,15,+1 Lap,,2021
Haas F1 Team,haas,American,MAZ,mazepin,Nikita Mazepin,Russian,9,2021-sochi,Russian Grand Prix,206.982,kph,24,20,1:41.713,15,51,,0.0,18,18,15,+2 Laps,,2021
Williams,williams,British,LAT,latifi,Nicholas Latifi,Canadian,6,2021-sochi,Russian Grand Prix,210.528,kph,42,14,1:40.000,18,47,,0.0,19,19,15,Accident,,2021
Haas F1 Team,haas,American,MSC,mick_schumacher,Mick Schumacher,German,47,2021-sochi,Russian Grand Prix,209.948,kph,22,15,1:40.276,14,32,,0.0,20,R,15,Oil leak,,2021
Mercedes,mercedes,German,BOT,bottas,Valtteri Bottas,Finnish,77,2021-istanbul,Turkish Grand Prix,212.5,kph,58,1,1:30.432,1,58,5464103,26.0,1,1,16,Finished,1:31:04.103,2021
Red Bull,red_bull,Austrian,VER,max_verstappen,Max Verstappen,Dutch,3,2021-istanbul,Turkish Grand Prix,207.169,kph,53,9,1:32.759,2,58,5478687,18.0,2,2,16,Finished,+14.584,2021
Red Bull,red_bull,Austrian,PER,perez,Sergio Pérez,Mexican,11,2021-istanbul,Turkish Grand Prix,207.841,kph,53,4,1:32.459,6,58,5497574,15.0,3,3,16,Finished,+33.471,2021
Ferrari,ferrari,Italian,LEC,leclerc,Charles Leclerc,Monegasque,16,2021-istanbul,Turkish Grand Prix,207.218,kph,57,8,1:32.737,3,58,5501917,12.0,4,4,16,Finished,+37.814,2021
Mercedes,mercedes,German,HAM,hamilton,Lewis Hamilton,British,44,2021-istanbul,Turkish Grand Prix,207.16,kph,52,10,1:32.763,11,58,5505915,10.0,5,5,16,Finished,+41.812,2021
AlphaTauri,alphatauri,Italian,GAS,gasly,Pierre Gasly,French,10,2021-istanbul,Turkish Grand Prix,207.046,kph,50,11,1:32.814,4,58,5508395,8.0,6,6,16,Finished,+44.292,2021
McLaren,mclaren,British,NOR,norris,Lando Norris,British,1,2021-istanbul,Turkish Grand Prix,207.87,kph,50,3,1:32.446,7,58,5511316,6.0,7,7,16,Finished,+47.213,2021
Ferrari,ferrari,Italian,SAI,sainz,Carlos Sainz,Spanish,55,2021-istanbul,Turkish Grand Prix,209.057,kph,49,2,1:31.921,19,58,5515629,4.0,8,8,16,Finished,+51.526,2021
Aston Martin,aston_martin,British,STR,stroll,Lance Stroll,Canadian,18,2021-istanbul,Turkish Grand Prix,207.506,kph,58,6,1:32.608,8,58,5546121,2.0,9,9,16,Finished,+1:22.018,2021
Alpine F1 Team,alpine,French,OCO,ocon,Esteban Ocon,French,31,2021-istanbul,Turkish Grand Prix,203.171,kph,24,19,1:34.584,12,57,,1.0,10,10,16,+1 Lap,,2021
Alfa Romeo,alfa,Swiss,GIO,giovinazzi,Antonio Giovinazzi,Italian,99,2021-istanbul,Turkish Grand Prix,206.845,kph,57,13,1:32.904,16,57,,0.0,11,11,16,+1 Lap,,2021
Alfa Romeo,alfa,Swiss,RAI,raikkonen,Kimi Räikkönen,Finnish,7,2021-istanbul,Turkish Grand Prix,207.556,kph,50,5,1:32.586,17,57,,0.0,12,12,16,+1 Lap,,2021
McLaren,mclaren,British,RIC,ricciardo,Daniel Ricciardo,Australian,3,2021-istanbul,Turkish Grand Prix,206.067,kph,34,15,1:33.255,20,57,,0.0,13,13,16,+1 Lap,,2021
AlphaTauri,alphatauri,Italian,TSU,tsunoda,Yuki Tsunoda,Japanese,22,2021-istanbul,Turkish Grand Prix,206.979,kph,54,12,1:32.844,9,57,,0.0,14,14,16,+1 Lap,,2021
Williams,williams,British,RUS,russell,George Russell,British,63,2021-istanbul,Turkish Grand Prix,205.749,kph,53,16,1:33.399,13,57,,0.0,15,15,16,+1 Lap,,2021
Alpine F1 Team,alpine,French,ALO,alonso,Fernando Alonso,Spanish,14,2021-istanbul,Turkish Grand Prix,206.073,kph,55,14,1:33.252,5,57,,0.0,16,16,16,+1 Lap,,2021
Williams,williams,British,LAT,latifi,Nicholas Latifi,Canadian,6,2021-istanbul,Turkish Grand Prix,205.149,kph,48,17,1:33.672,15,57,,0.0,17,17,16,+1 Lap,,2021
Aston Martin,aston_martin,British,VET,vettel,Sebastian Vettel,German,5,2021-istanbul,Turkish Grand Prix,207.233,kph,54,7,1:32.730,10,57,,0.0,18,18,16,+1 Lap,,2021
Haas F1 Team,haas,American,MSC,mick_schumacher,Mick Schumacher,German,47,2021-istanbul,Turkish Grand Prix,203.98,kph,52,18,1:34.209,14,56,,0.0,19,19,16,+2 Laps,,2021
Haas F1 Team,haas,American,MAZ,mazepin,Nikita Mazepin,Russian,9,2021-istanbul,Turkish Grand Prix,201.353,kph,52,20,1:35.438,18,56,,0.0,20,20,16,+2 Laps,,2021
Red Bull,red_bull,Austrian,VER,max_verstappen,Max Verstappen,Dutch,3,2021-austin,United States Grand Prix,200.278,kph,52,2,1:39.096,1,56,5676552,25.0,1,1,17,Finished,1:34:36.552,2021
Mercedes,mercedes,German,HAM,hamilton,Lewis Hamilton,British,44,2021-austin,United States Grand Prix,201.521,kph,41,1,1:38.485,2,56,5677885,19.0,2,2,17,Finished,+1.333,2021
Red Bull,red_bull,Austrian,PER,perez,Sergio Pérez,Mexican,11,2021-austin,United States Grand Prix,199.333,kph,32,4,1:39.566,3,56,5718775,15.0,3,3,17,Finished,+42.223,2021
Ferrari,ferrari,Italian,LEC,leclerc,Charles Leclerc,Monegasque,16,2021-austin,United States Grand Prix,199.861,kph,41,3,1:39.303,4,56,5728798,12.0,4,4,17,Finished,+52.246,2021
McLaren,mclaren,British,RIC,ricciardo,Daniel Ricciardo,Australian,3,2021-austin,United States Grand Prix,197.785,kph,43,8,1:40.345,6,56,5753406,10.0,5,5,17,Finished,+1:16.854,2021
Mercedes,mercedes,German,BOT,bottas,Valtteri Bottas,Finnish,77,2021-austin,United States Grand Prix,198.176,kph,41,6,1:40.147,9,56,5756680,8.0,6,6,17,Finished,+1:20.128,2021
Ferrari,ferrari,Italian,SAI,sainz,Carlos Sainz,Spanish,55,2021-austin,United States Grand Prix,197.722,kph,40,9,1:40.377,5,56,5760097,6.0,7,7,17,Finished,+1:23.545,2021
McLaren,mclaren,British,NOR,norris,Lando Norris,British,1,2021-austin,United States Grand Prix,198.016,kph,41,7,1:40.228,7,56,5760947,4.0,8,8,17,Finished,+1:24.395,2021
AlphaTauri,alphatauri,Italian,TSU,tsunoda,Yuki Tsunoda,Japanese,22,2021-austin,United States Grand Prix,196.209,kph,47,13,1:41.151,10,55,,2.0,9,9,17,+1 Lap,,2021
Aston Martin,aston_martin,British,VET,vettel,Sebastian Vettel,German,5,2021-austin,United States Grand Prix,197.517,kph,40,10,1:40.481,18,55,,1.0,10,10,17,+1 Lap,,2021
Alfa Romeo,alfa,Swiss,GIO,giovinazzi,Antonio Giovinazzi,Italian,99,2021-austin,United States Grand Prix,196.221,kph,44,12,1:41.145,12,55,,0.0,11,11,17,+1 Lap,,2021
Aston Martin,aston_martin,British,STR,stroll,Lance Stroll,Canadian,18,2021-austin,United States Grand Prix,196.135,kph,36,14,1:41.189,13,55,,0.0,12,12,17,+1 Lap,,2021
Alfa Romeo,alfa,Swiss,RAI,raikkonen,Kimi Räikkönen,Finnish,7,2021-austin,United States Grand Prix,195.843,kph,43,15,1:41.340,15,55,,0.0,13,13,17,+1 Lap,,2021
Williams,williams,British,RUS,russell,George Russell,British,63,2021-austin,United States Grand Prix,196.269,kph,36,11,1:41.120,20,55,,0.0,14,14,17,+1 Lap,,2021
Williams,williams,British,LAT,latifi,Nicholas Latifi,Canadian,6,2021-austin,United States Grand Prix,194.924,kph,46,17,1:41.818,14,55,,0.0,15,15,17,+1 Lap,,2021
Haas F1 Team,haas,American,MSC,mick_schumacher,Mick Schumacher,German,47,2021-austin,United States Grand Prix,195.737,kph,36,16,1:41.395,16,54,,0.0,16,16,17,+2 Laps,,2021
Haas F1 Team,haas,American,MAZ,mazepin,Nikita Mazepin,Russian,9,2021-austin,United States Grand Prix,192.9,kph,42,20,1:42.886,17,54,,0.0,17,17,17,+2 Laps,,2021
Alpine F1 Team,alpine,French,ALO,alonso,Fernando Alonso,Spanish,14,2021-austin,United States Grand Prix,198.335,kph,46,5,1:40.067,19,49,,0.0,18,R,17,Rear wing,,2021
Alpine F1 Team,alpine,French,OCO,ocon,Esteban Ocon,French,31,2021-austin,United States Grand Prix,194.207,kph,28,19,1:42.194,11,40,,0.0,19,R,17,Mechanical,,2021
AlphaTauri,alphatauri,Italian,GAS,gasly,Pierre Gasly,French,10,2021-austin,United States Grand Prix,194.547,kph,12,18,1:42.015,8,14,,0.0,20,R,17,Suspension,,2021
Red Bull,red_bull,Austrian,VER,max_verstappen,Max Verstappen,Dutch,3,2021-mexico-city,Mexico City Grand Prix,196.134,kph,52,2,1:18.999,3,71,5919086,25.0,1,1,18,Finished,1:38:39.086,2021
Mercedes,mercedes,German,HAM,hamilton,Lewis Hamilton,British,44,2021-mexico-city,Mexico City Grand Prix,194.116,kph,66,4,1:19.820,2,71,5935641,18.0,2,2,18,Finished,+16.555,2021
Red Bull,red_bull,Austrian,PER,perez,Sergio Pérez,Mexican,11,2021-mexico-city,Mexico City Grand Prix,194.976,kph,49,3,1:19.468,4,71,5936838,15.0,3,3,18,Finished,+17.752,2021
AlphaTauri,alphatauri,Italian,GAS,gasly,Pierre Gasly,French,10,2021-mexico-city,Mexico City Grand Prix,192.453,kph,66,7,1:20.510,5,71,5982931,12.0,4,4,18,Finished,+1:03.845,2021
Ferrari,ferrari,Italian,LEC,leclerc,Charles Leclerc,Monegasque,16,2021-mexico-city,Mexico City Grand Prix,192.083,kph,63,9,1:20.665,8,71,6000123,10.0,5,5,18,Finished,+1:21.037,2021
Ferrari,ferrari,Italian,SAI,sainz,Carlos Sainz,Spanish,55,2021-mexico-city,Mexico City Grand Prix,193.484,kph,63,5,1:20.081,6,70,,8.0,6,6,18,+1 Lap,,2021
Aston Martin,aston_martin,British,VET,vettel,Sebastian Vettel,German,5,2021-mexico-city,Mexico City Grand Prix,192.572,kph,70,6,1:20.460,9,70,,6.0,7,7,18,+1 Lap,,2021
Alfa Romeo,alfa,Swiss,RAI,raikkonen,Kimi Räikkönen,Finnish,7,2021-mexico-city,Mexico City Grand Prix,191.969,kph,63,11,1:20.713,10,70,,4.0,8,8,18,+1 Lap,,2021
Alpine F1 Team,alpine,French,ALO,alonso,Fernando Alonso,Spanish,14,2021-mexico-city,Mexico City Grand Prix,191.973,kph,54,10,1:20.711,12,70,,2.0,9,9,18,+1 Lap,,2021
McLaren,mclaren,British,NOR,norris,Lando Norris,British,1,2021-mexico-city,Mexico City Grand Prix,192.197,kph,67,8,1:20.617,18,70,,1.0,10,10,18,+1 Lap,,2021
Alfa Romeo,alfa,Swiss,GIO,giovinazzi,Antonio Giovinazzi,Italian,99,2021-mexico-city,Mexico City Grand Prix,190.061,kph,68,16,1:21.523,11,70,,0.0,11,11,18,+1 Lap,,2021
McLaren,mclaren,British,RIC,ricciardo,Daniel Ricciardo,Australian,3,2021-mexico-city,Mexico City Grand Prix,191.126,kph,40,13,1:21.069,7,70,,0.0,12,12,18,+1 Lap,,2021
Alpine F1 Team,alpine,French,OCO,ocon,Esteban Ocon,French,31,2021-mexico-city,Mexico City Grand Prix,190.47,kph,67,14,1:21.348,19,70,,0.0,13,13,18,+1 Lap,,2021
Aston Martin,aston_martin,British,STR,stroll,Lance Stroll,Canadian,18,2021-mexico-city,Mexico City Grand Prix,191.454,kph,61,12,1:20.930,20,69,,0.0,14,14,18,+2 Laps,,2021
Mercedes,mercedes,German,BOT,bottas,Valtteri Bottas,Finnish,77,2021-mexico-city,Mexico City Grand Prix,199.223,kph,69,1,1:17.774,1,69,,0.0,15,15,18,+2 Laps,,2021
Williams,williams,British,RUS,russell,George Russell,British,63,2021-mexico-city,Mexico City Grand Prix,188.919,kph,61,18,1:22.016,16,69,,0.0,16,16,18,+2 Laps,,2021
Williams,williams,British,LAT,latifi,Nicholas Latifi,Canadian,6,2021-mexico-city,Mexico City Grand Prix,190.008,kph,66,17,1:21.546,13,69,,0.0,17,17,18,+2 Laps,,2021
Haas F1 Team,haas,American,MAZ,mazepin,Nikita Mazepin,Russian,9,2021-mexico-city,Mexico City Grand Prix,190.344,kph,61,15,1:21.402,15,68,,0.0,18,18,18,+3 Laps,,2021
Haas F1 Team,haas,American,MSC,mick_schumacher,Mick Schumacher,German,47,2021-mexico-city,Mexico City Grand Prix,,,,,,14,0,,0.0,19,R,18,Collision,,2021
AlphaTauri,alphatauri,Italian,TSU,tsunoda,Yuki Tsunoda,Japanese,22,2021-mexico-city,Mexico City Grand Prix,,,,,,17,0,,0.0,20,R,18,Collision,,2021
Mercedes,mercedes,German,HAM,hamilton,Lewis Hamilton,British,44,2021-s-o-paulo,São Paulo Grand Prix,215.503,kph,46,2,1:11.982,10,71,5542851,25.0,1,1,19,Finished,1:32:22.851,2021
Red Bull,red_bull,Austrian,VER,max_verstappen,Max Verstappen,Dutch,3,2021-s-o-paulo,São Paulo Grand Prix,214.005,kph,47,3,1:12.486,2,71,5553347,18.0,2,2,19,Finished,+10.496,2021
Mercedes,mercedes,German,BOT,bottas,Valtteri Bottas,Finnish,77,2021-s-o-paulo,São Paulo Grand Prix,213.887,kph,49,4,1:12.526,1,71,5556427,15.0,3,3,19,Finished,+13.576,2021
Red Bull,red_bull,Austrian,PER,perez,Sergio Pérez,Mexican,11,2021-s-o-paulo,São Paulo Grand Prix,218.453,kph,71,1,1:11.010,4,71,5582791,13.0,4,4,19,Finished,+39.940,2021
Ferrari,ferrari,Italian,LEC,leclerc,Charles Leclerc,Monegasque,16,2021-s-o-paulo,São Paulo Grand Prix,213.018,kph,61,7,1:12.822,6,71,5592368,10.0,5,5,19,Finished,+49.517,2021
Ferrari,ferrari,Italian,SAI,sainz,Carlos Sainz,Spanish,55,2021-s-o-paulo,São Paulo Grand Prix,213.346,kph,63,6,1:12.710,3,71,5594671,8.0,6,6,19,Finished,+51.820,2021
AlphaTauri,alphatauri,Italian,GAS,gasly,Pierre Gasly,French,10,2021-s-o-paulo,São Paulo Grand Prix,211.839,kph,53,8,1:13.227,7,70,,6.0,7,7,19,+1 Lap,,2021
Alpine F1 Team,alpine,French,OCO,ocon,Esteban Ocon,French,31,2021-s-o-paulo,São Paulo Grand Prix,208.415,kph,48,16,1:14.430,8,70,,4.0,8,8,19,+1 Lap,,2021
Alpine F1 Team,alpine,French,ALO,alonso,Fernando Alonso,Spanish,14,2021-s-o-paulo,São Paulo Grand Prix,209.848,kph,37,12,1:13.922,12,70,,2.0,9,9,19,+1 Lap,,2021
McLaren,mclaren,British,NOR,norris,Lando Norris,British,1,2021-s-o-paulo,São Paulo Grand Prix,210.306,kph,53,10,1:13.761,5,70,,1.0,10,10,19,+1 Lap,,2021
Aston Martin,aston_martin,British,VET,vettel,Sebastian Vettel,German,5,2021-s-o-paulo,São Paulo Grand Prix,210.668,kph,69,9,1:13.634,9,70,,0.0,11,11,19,+1 Lap,,2021
Alfa Romeo,alfa,Swiss,RAI,raikkonen,Kimi Räikkönen,Finnish,7,2021-s-o-paulo,São Paulo Grand Prix,213.607,kph,54,5,1:12.621,0,70,,0.0,12,12,19,+1 Lap,,2021
Williams,williams,British,RUS,russell,George Russell,British,63,2021-s-o-paulo,São Paulo Grand Prix,208.626,kph,45,15,1:14.355,17,70,,0.0,13,13,19,+1 Lap,,2021
Alfa Romeo,alfa,Swiss,GIO,giovinazzi,Antonio Giovinazzi,Italian,99,2021-s-o-paulo,São Paulo Grand Prix,208.985,kph,44,14,1:14.227,13,70,,0.0,14,14,19,+1 Lap,,2021
AlphaTauri,alphatauri,Italian,TSU,tsunoda,Yuki Tsunoda,Japanese,22,2021-s-o-paulo,São Paulo Grand Prix,209.05,kph,62,13,1:14.204,15,70,,0.0,15,15,19,+1 Lap,,2021
Williams,williams,British,LAT,latifi,Nicholas Latifi,Canadian,6,2021-s-o-paulo,São Paulo Grand Prix,207.896,kph,57,18,1:14.616,16,70,,0.0,16,16,19,+1 Lap,,2021
Haas F1 Team,haas,American,MAZ,mazepin,Nikita Mazepin,Russian,9,2021-s-o-paulo,São Paulo Grand Prix,206.958,kph,36,19,1:14.954,19,69,,0.0,17,17,19,+2 Laps,,2021
Haas F1 Team,haas,American,MSC,mick_schumacher,Mick Schumacher,German,47,2021-s-o-paulo,São Paulo Grand Prix,210.215,kph,66,11,1:13.793,18,69,,0.0,18,18,19,+2 Laps,,2021
McLaren,mclaren,British,RIC,ricciardo,Daniel Ricciardo,Australian,3,2021-s-o-paulo,São Paulo Grand Prix,208.379,kph,40,17,1:14.443,11,49,,0.0,19,R,19,Power loss,,2021
Aston Martin,aston_martin,British,STR,stroll,Lance Stroll,Canadian,18,2021-s-o-paulo,São Paulo Grand Prix,205.887,kph,25,20,1:15.344,14,47,,0.0,20,R,19,Collision damage,,2021
Mercedes,mercedes,German,HAM,hamilton,Lewis Hamilton,British,44,2021-lusail,Qatar Grand Prix,227.633,kph,50,2,1:25.084,1,57,5068471,25.0,1,1,20,Finished,1:24:28.471,2021
Red Bull,red_bull,Austrian,VER,max_verstappen,Max Verstappen,Dutch,3,2021-lusail,Qatar Grand Prix,232.799,kph,57,1,1:23.196,7,57,5094214,19.0,2,2,20,Finished,+25.743,2021
Alpine F1 Team,alpine,French,ALO,alonso,Fernando Alonso,Spanish,14,2021-lusail,Qatar Grand Prix,223.437,kph,48,10,1:26.682,3,57,5127928,15.0,3,3,20,Finished,+59.457,2021
Red Bull,red_bull,Austrian,PER,perez,Sergio Pérez,Mexican,11,2021-lusail,Qatar Grand Prix,226.227,kph,49,3,1:25.613,11,57,5130777,12.0,4,4,20,Finished,+1:02.306,2021
Alpine F1 Team,alpine,French,OCO,ocon,Esteban Ocon,French,31,2021-lusail,Qatar Grand Prix,222.464,kph,46,13,1:27.061,9,57,5149041,10.0,5,5,20,Finished,+1:20.570,2021
Aston Martin,aston_martin,British,STR,stroll,Lance Stroll,Canadian,18,2021-lusail,Qatar Grand Prix,221.713,kph,44,17,1:27.356,12,57,5149745,8.0,6,6,20,Finished,+1:21.274,2021
Ferrari,ferrari,Italian,SAI,sainz,Carlos Sainz,Spanish,55,2021-lusail,Qatar Grand Prix,223.726,kph,46,9,1:26.570,5,57,5150382,6.0,7,7,20,Finished,+1:21.911,2021
Ferrari,ferrari,Italian,LEC,leclerc,Charles Leclerc,Monegasque,16,2021-lusail,Qatar Grand Prix,223.765,kph,46,8,1:26.555,13,57,5151597,4.0,8,8,20,Finished,+1:23.126,2021
McLaren,mclaren,British,NOR,norris,Lando Norris,British,1,2021-lusail,Qatar Grand Prix,225.876,kph,51,4,1:25.746,4,56,,2.0,9,9,20,+1 Lap,,2021
Aston Martin,aston_martin,British,VET,vettel,Sebastian Vettel,German,5,2021-lusail,Qatar Grand Prix,224.078,kph,53,7,1:26.434,10,56,,1.0,10,10,20,+1 Lap,,2021
AlphaTauri,alphatauri,Italian,GAS,gasly,Pierre Gasly,French,10,2021-lusail,Qatar Grand Prix,222.572,kph,46,11,1:27.019,2,56,,0.0,11,11,20,+1 Lap,,2021
McLaren,mclaren,British,RIC,ricciardo,Daniel Ricciardo,Australian,3,2021-lusail,Qatar Grand Prix,222.115,kph,50,14,1:27.198,14,56,,0.0,12,12,20,+1 Lap,,2021
AlphaTauri,alphatauri,Italian,TSU,tsunoda,Yuki Tsunoda,Japanese,22,2021-lusail,Qatar Grand Prix,222.51,kph,50,12,1:27.043,8,56,,0.0,13,13,20,+1 Lap,,2021
Alfa Romeo,alfa,Swiss,RAI,raikkonen,Kimi Räikkönen,Finnish,7,2021-lusail,Qatar Grand Prix,224.275,kph,53,6,1:26.358,16,56,,0.0,14,14,20,+1 Lap,,2021
Alfa Romeo,alfa,Swiss,GIO,giovinazzi,Antonio Giovinazzi,Italian,99,2021-lusail,Qatar Grand Prix,220.534,kph,40,18,1:27.823,18,56,,0.0,15,15,20,+1 Lap,,2021
Haas F1 Team,haas,American,MSC,mick_schumacher,Mick Schumacher,German,47,2021-lusail,Qatar Grand Prix,219.065,kph,46,19,1:28.412,19,56,,0.0,16,16,20,+1 Lap,,2021
Williams,williams,British,RUS,russell,George Russell,British,63,2021-lusail,Qatar Grand Prix,225.818,kph,55,5,1:25.768,15,55,,0.0,17,17,20,+2 Laps,,2021
Haas F1 Team,haas,American,MAZ,mazepin,Nikita Mazepin,Russian,9,2021-lusail,Qatar Grand Prix,221.754,kph,55,16,1:27.340,20,55,,0.0,18,18,20,+2 Laps,,2021
Williams,williams,British,LAT,latifi,Nicholas Latifi,Canadian,6,2021-lusail,Qatar Grand Prix,218.275,kph,44,20,1:28.732,17,50,,0.0,19,R,20,Puncture,,2021
Mercedes,mercedes,German,BOT,bottas,Valtteri Bottas,Finnish,77,2021-lusail,Qatar Grand Prix,221.992,kph,39,15,1:27.246,6,48,,0.0,20,R,20,Damage,,2021
Mercedes,mercedes,German,HAM,hamilton,Lewis Hamilton,British,44,2021-jeddah,Saudi Arabian Grand Prix,244.962,kph,47,1,1:30.734,1,50,7575118,26.0,1,1,21,Finished,2:06:15.118,2021
Red Bull,red_bull,Austrian,VER,max_verstappen,Max Verstappen,Dutch,3,2021-jeddah,Saudi Arabian Grand Prix,242.943,kph,35,3,1:31.488,3,50,7586943,18.0,2,2,21,Finished,+11.825,2021
Mercedes,mercedes,German,BOT,bottas,Valtteri Bottas,Finnish,77,2021-jeddah,Saudi Arabian Grand Prix,243.155,kph,47,2,1:31.408,2,50,7602649,15.0,3,3,21,Finished,+27.531,2021
Alpine F1 Team,alpine,French,OCO,ocon,Esteban Ocon,French,31,2021-jeddah,Saudi Arabian Grand Prix,242.125,kph,47,6,1:31.797,9,50,7602751,12.0,4,4,21,Finished,+27.633,2021
McLaren,mclaren,British,RIC,ricciardo,Daniel Ricciardo,Australian,3,2021-jeddah,Saudi Arabian Grand Prix,239.725,kph,43,11,1:32.716,11,50,7615239,10.0,5,5,21,Finished,+40.121,2021
AlphaTauri,alphatauri,Italian,GAS,gasly,Pierre Gasly,French,10,2021-jeddah,Saudi Arabian Grand Prix,240.813,kph,46,9,1:32.297,6,50,7616731,8.0,6,6,21,Finished,+41.613,2021
Ferrari,ferrari,Italian,LEC,leclerc,Charles Leclerc,Monegasque,16,2021-jeddah,Saudi Arabian Grand Prix,242.643,kph,46,4,1:31.601,4,50,7619593,6.0,7,7,21,Finished,+44.475,2021
Ferrari,ferrari,Italian,SAI,sainz,Carlos Sainz,Spanish,55,2021-jeddah,Saudi Arabian Grand Prix,241.983,kph,37,7,1:31.851,15,50,7621724,4.0,8,8,21,Finished,+46.606,2021
Alfa Romeo,alfa,Swiss,GIO,giovinazzi,Antonio Giovinazzi,Italian,99,2021-jeddah,Saudi Arabian Grand Prix,239.34,kph,37,15,1:32.865,10,50,7633623,2.0,9,9,21,Finished,+58.505,2021
McLaren,mclaren,British,NOR,norris,Lando Norris,British,1,2021-jeddah,Saudi Arabian Grand Prix,241.817,kph,49,8,1:31.914,7,50,7636476,1.0,10,10,21,Finished,+1:01.358,2021
Aston Martin,aston_martin,British,STR,stroll,Lance Stroll,Canadian,18,2021-jeddah,Saudi Arabian Grand Prix,239.498,kph,45,14,1:32.804,18,50,7652330,0.0,11,11,21,Finished,+1:17.212,2021
Williams,williams,British,LAT,latifi,Nicholas Latifi,Canadian,6,2021-jeddah,Saudi Arabian Grand Prix,239.635,kph,49,12,1:32.751,16,50,7658367,0.0,12,12,21,Finished,+1:23.249,2021
Alpine F1 Team,alpine,French,ALO,alonso,Fernando Alonso,Spanish,14,2021-jeddah,Saudi Arabian Grand Prix,242.558,kph,46,5,1:31.633,13,49,,0.0,13,13,21,+1 Lap,,2021
AlphaTauri,alphatauri,Italian,TSU,tsunoda,Yuki Tsunoda,Japanese,22,2021-jeddah,Saudi Arabian Grand Prix,240.269,kph,44,10,1:32.506,8,49,,0.0,14,14,21,+1 Lap,,2021
Alfa Romeo,alfa,Swiss,RAI,raikkonen,Kimi Räikkönen,Finnish,7,2021-jeddah,Saudi Arabian Grand Prix,239.565,kph,45,13,1:32.778,12,49,,0.0,15,15,21,+1 Lap,,2021
Aston Martin,aston_martin,British,VET,vettel,Sebastian Vettel,German,5,2021-jeddah,Saudi Arabian Grand Prix,236.375,kph,41,16,1:34.030,17,44,,0.0,16,R,21,Collision damage,,2021
Red Bull,red_bull,Austrian,PER,perez,Sergio Pérez,Mexican,11,2021-jeddah,Saudi Arabian Grand Prix,236.104,kph,9,17,1:34.138,5,14,,0.0,17,R,21,Collision,,2021
Haas F1 Team,haas,American,MAZ,mazepin,Nikita Mazepin,Russian,9,2021-jeddah,Saudi Arabian Grand Prix,229.036,kph,7,20,1:37.043,20,14,,0.0,18,R,21,Collision,,2021
Williams,williams,British,RUS,russell,George Russell,British,63,2021-jeddah,Saudi Arabian Grand Prix,231.211,kph,7,19,1:36.130,14,14,,0.0,19,R,21,Collision,,2021
Haas F1 Team,haas,American,MSC,mick_schumacher,Mick Schumacher,German,47,2021-jeddah,Saudi Arabian Grand Prix,231.421,kph,8,18,1:36.043,19,8,,0.0,20,R,21,Accident,,2021
Red Bull,red_bull,Austrian,VER,max_verstappen,Max Verstappen,Dutch,3,2021-abu-dhabi,Abu Dhabi Grand Prix,220.8,kph,39,1,1:26.103,1,58,5417345,26.0,1,1,22,Finished,1:30:17.345,2021
Mercedes,mercedes,German,HAM,hamilton,Lewis Hamilton,British,44,2021-abu-dhabi,Abu Dhabi Grand Prix,219.495,kph,43,3,1:26.615,2,58,5419601,18.0,2,2,22,Finished,+2.256,2021
Ferrari,ferrari,Italian,SAI,sainz,Carlos Sainz,Spanish,55,2021-abu-dhabi,Abu Dhabi Grand Prix,216.982,kph,51,9,1:27.618,5,58,5422518,15.0,3,3,22,Finished,+5.173,2021
AlphaTauri,alphatauri,Italian,TSU,tsunoda,Yuki Tsunoda,Japanese,22,2021-abu-dhabi,Abu Dhabi Grand Prix,217.285,kph,50,7,1:27.496,8,58,5423037,12.0,4,4,22,Finished,+5.692,2021
AlphaTauri,alphatauri,Italian,GAS,gasly,Pierre Gasly,French,10,2021-abu-dhabi,Abu Dhabi Grand Prix,217.668,kph,49,6,1:27.342,12,58,5423876,10.0,5,5,22,Finished,+6.531,2021
Mercedes,mercedes,German,BOT,bottas,Valtteri Bottas,Finnish,77,2021-abu-dhabi,Abu Dhabi Grand Prix,218.871,kph,51,5,1:26.862,6,58,5424808,8.0,6,6,22,Finished,+7.463,2021
McLaren,mclaren,British,NOR,norris,Lando Norris,British,1,2021-abu-dhabi,Abu Dhabi Grand Prix,219.123,kph,58,4,1:26.762,3,58,5476545,6.0,7,7,22,Finished,+59.200,2021
Alpine F1 Team,alpine,French,ALO,alonso,Fernando Alonso,Spanish,14,2021-abu-dhabi,Abu Dhabi Grand Prix,217.01,kph,58,8,1:27.607,11,58,5479053,4.0,8,8,22,Finished,+1:01.708,2021
Alpine F1 Team,alpine,French,OCO,ocon,Esteban Ocon,French,31,2021-abu-dhabi,Abu Dhabi Grand Prix,215.431,kph,58,10,1:28.249,9,58,5481371,2.0,9,9,22,Finished,+1:04.026,2021
Ferrari,ferrari,Italian,LEC,leclerc,Charles Leclerc,Monegasque,16,2021-abu-dhabi,Abu Dhabi Grand Prix,214.983,kph,40,12,1:28.433,7,58,5483402,1.0,10,10,22,Finished,+1:06.057,2021
Aston Martin,aston_martin,British,VET,vettel,Sebastian Vettel,German,5,2021-abu-dhabi,Abu Dhabi Grand Prix,215.299,kph,58,11,1:28.303,15,58,5484872,0.0,11,11,22,Finished,+1:07.527,2021
McLaren,mclaren,British,RIC,ricciardo,Daniel Ricciardo,Australian,3,2021-abu-dhabi,Abu Dhabi Grand Prix,214.28,kph,48,14,1:28.723,10,57,,0.0,12,12,22,+1 Lap,,2021
Aston Martin,aston_martin,British,STR,stroll,Lance Stroll,Canadian,18,2021-abu-dhabi,Abu Dhabi Grand Prix,214.657,kph,48,13,1:28.567,13,57,,0.0,13,13,22,+1 Lap,,2021
Haas F1 Team,haas,American,MSC,mick_schumacher,Mick Schumacher,German,47,2021-abu-dhabi,Abu Dhabi Grand Prix,212.522,kph,42,17,1:29.457,19,57,,0.0,14,14,22,+1 Lap,,2021
Red Bull,red_bull,Austrian,PER,perez,Sergio Pérez,Mexican,11,2021-abu-dhabi,Abu Dhabi Grand Prix,219.993,kph,51,2,1:26.419,4,55,,0.0,15,15,22,Engine,,2021
Williams,williams,British,LAT,latifi,Nicholas Latifi,Canadian,6,2021-abu-dhabi,Abu Dhabi Grand Prix,212.912,kph,30,15,1:29.293,16,50,,0.0,16,R,22,Accident,,2021
Alfa Romeo,alfa,Swiss,GIO,giovinazzi,Antonio Giovinazzi,Italian,99,2021-abu-dhabi,Abu Dhabi Grand Prix,212.557,kph,33,16,1:29.442,14,33,,0.0,17,R,22,Gearbox,,2021
Williams,williams,British,RUS,russell,George Russell,British,63,2021-abu-dhabi,Abu Dhabi Grand Prix,209.732,kph,23,19,1:30.647,17,26,,0.0,18,R,22,Gearbox,,2021
Alfa Romeo,alfa,Swiss,RAI,raikkonen,Kimi Räikkönen,Finnish,7,2021-abu-dhabi,Abu Dhabi Grand Prix,211.951,kph,23,18,1:29.698,18,25,,0.0,19,R,22,Brakes,,2021
Haas F1 Team,haas,American,MAZ,mazepin,Nikita Mazepin,Russian,9,2021-abu-dhabi,Abu Dhabi Grand Prix,,,,,,20,0,,0.0,20,W,22,Illness,,2021
